tid,label,time,space
195009,2,0,89.4 20.8
195009,2,6,89 20.8
195009,2,12,88.4 20.9
195009,2,18,87.8 21
195009,2,24,87.3 21
195009,2,30,86.8 21
195009,2,36,86.1 20.9
195009,2,42,85.4 20.6
195009,2,48,85.1 20.3
195009,2,54,84.7 19.9
195009,2,60,84.1 18.8
195108,2,0,95.2 18.7
195108,2,6,95 19
195108,2,12,94.7 19.6
195108,2,18,94.3 20.3
195108,2,24,93.7 21.3
195108,2,30,93.2 22.2
195108,2,36,92.9 22.8
195108,2,42,92.7 23.3
195108,2,48,92.6 23.8
195108,2,54,92.5 24.3
195108,2,60,92.4 24.9
195108,2,66,92.3 25.4
195108,2,72,92.5 25.8
195108,2,78,93.2 26.1
195108,2,84,94 26.3
195108,2,90,95.2 26.4
195108,2,96,96.7 26.6
195108,2,102,98.3 26.8
195108,2,108,99.8 27.6
195108,2,114,101.2 29
195108,2,120,102.4 30.6
195108,2,126,103.3 32
195108,2,132,103.8 32.6
195108,2,138,104.2 33.2
195108,2,144,104.8 33.9
195108,2,150,105.5 34.6
195108,2,156,106.2 35.1
195108,2,162,107 35.7
195108,2,168,107.8 36.4
195108,2,174,108.7 37.1
195108,2,180,109.8 37.7
195108,2,186,111 38.3
195108,2,192,112.2 38.9
195108,2,198,114.3 39.5
195108,2,204,119.1 40.3
195108,2,210,124.7 41.2
195108,2,216,129.3 41.9
195108,2,222,134 42.6
195108,2,228,139.1 43.6
195108,2,234,144.1 45.2
195108,2,240,148.8 48.3
195108,2,246,153.2 53.3
195302,2,0,106.1 22.8
195302,2,6,105.5 24.1
195302,2,12,105.2 25.3
195302,2,18,104.8 26.5
195302,2,24,104.4 27.9
195302,2,30,104.1 29.2
195302,2,36,104 29.9
195302,2,42,103.9 30.5
195302,2,48,103.8 31.5
195302,2,54,103.7 32.5
195302,2,60,103.7 33.6
195302,2,66,103.9 34.7
195302,2,72,104.3 35.8
195302,2,78,105 37
195302,2,84,106.2 38.1
195302,2,90,107.7 39.3
195302,2,96,109.6 40.4
195302,2,102,112 41.5
195302,2,108,115.7 43.1
195302,2,114,119.5 45.3
195302,2,120,120.9 48.7
195302,2,126,120.6 53.5
195506,2,0,148.9 19
195506,2,6,146.9 19.2
195506,2,12,144.7 19.4
195506,2,18,142.9 19.8
195506,2,24,141.3 20.4
195506,2,30,139.8 21
195506,2,36,138.3 21.6
195506,2,42,136.8 22.2
195506,2,48,135.2 22.9
195506,2,54,133.6 23.7
195506,2,60,131.9 24.6
195506,2,66,130.2 25.5
195506,2,72,128.7 26.5
195506,2,78,127.6 27.4
195506,2,84,126.7 28.2
195506,2,90,126 29
195506,2,96,125.4 29.9
195506,2,102,124.9 30.7
195506,2,108,124.7 31.6
195506,2,114,124.6 32.4
195506,2,120,124.6 33.1
195506,2,126,124.8 33.9
195506,2,132,125.3 35.3
195506,2,138,126.1 36.8
195506,2,144,127.3 38
195506,2,150,128.8 39.3
195506,2,156,130.3 40.7
195506,2,162,132.8 42.4
195506,2,168,136.3 44.5
195506,2,174,139.9 46.6
196301,2,0,140.6 11
196301,2,6,139.1 11
196301,2,12,137.8 11.1
196301,2,18,136.5 11.2
196301,2,24,135.2 11.3
196301,2,30,134 11.5
196301,2,36,132.6 12.4
196301,2,42,131.3 13.3
196301,2,48,130.1 14.3
196301,2,54,129.2 14.9
196301,2,60,127.7 15.2
196301,2,66,126.1 15.5
196301,2,72,124.7 15.9
196301,2,78,123.3 16.3
196301,2,84,122 16.7
196301,2,90,120.8 17.4
196301,2,96,119.7 18.2
196301,2,102,118.6 19.1
196301,2,108,117.5 20
196301,2,114,116.4 21
196301,2,120,115.4 22
196301,2,126,114.4 22.8
196301,2,132,113.3 23.5
196301,2,138,112 24
196301,2,144,111.2 24.4
196301,2,150,110.5 25
196301,2,156,109.9 25.4
196301,2,162,109.7 26
196301,2,168,109.6 26.5
196301,2,174,109.5 27.3
196301,2,180,109.9 28
196301,2,186,110.3 28.5
196301,2,192,110.9 28.8
196301,2,198,111.5 29.3
196301,2,204,112.4 30
196301,2,210,113.8 31.3
196301,2,216,116 32.8
196301,2,222,118.5 34.5
196301,2,228,121 36.4
196301,2,234,123.9 38
196301,2,240,126 40
196301,2,246,128 42.5
196301,2,252,129.9 44.8
196703,2,0,159.7 15.4
196703,2,6,158.3 15.7
196703,2,12,156.9 15.9
196703,2,18,155.5 16.1
196703,2,24,154 16.4
196703,2,30,152.5 16.8
196703,2,36,151 17.1
196703,2,42,149.3 17.5
196703,2,48,147.9 18
196703,2,54,146.5 18.6
196703,2,60,145.3 19.3
196703,2,66,144.2 20
196703,2,72,143.2 20.7
196703,2,78,142.4 21.7
196703,2,84,142 22.7
196703,2,90,141.7 23.7
196703,2,96,141.2 24.8
196703,2,102,140.9 25.8
196703,2,108,140.6 26.3
196703,2,114,140.4 26.7
196703,2,120,139.6 26.6
196703,2,126,138.6 26.5
196703,2,132,137.3 26.4
196703,2,138,136.1 26.3
196703,2,144,135 26.2
196703,2,150,133.8 26.1
196703,2,156,132.7 26
196703,2,162,131.3 26.2
196703,2,168,130.7 26.5
196703,2,174,130.3 26.8
196703,2,180,129.8 27.3
196703,2,186,129.3 27.7
196703,2,192,129.1 27.9
196703,2,198,128.8 28.2
196703,2,204,128.5 28.4
196703,2,210,128.1 28.8
196703,2,216,127.8 29
196703,2,222,127.4 29.4
196703,2,228,126.7 30
196703,2,234,125.9 30.8
196703,2,240,125.1 31.7
196703,2,246,124.2 32.6
196703,2,252,123.4 33.5
196703,2,258,122.8 34.5
196703,2,264,122.4 35.6
196703,2,270,122.2 36.7
196703,2,276,122.2 37.8
196703,2,282,122.2 38.9
196703,2,288,123.1 40
196703,2,294,124.9 40.8
196703,2,300,127 41.4
196703,2,306,129.3 41.9
196703,2,312,132.2 42.3
196703,2,318,135.2 42.7
196703,2,324,138.2 43
196703,2,330,141.5 43.4
196703,2,336,145 44
196703,2,342,148.5 44.5
196703,2,348,152 44.9
196703,2,354,155.2 44.8
196703,2,360,158.5 44.6
196703,2,366,161.9 44.3
196703,2,372,165 44
196703,2,378,168.2 44.2
196703,2,384,171.5 44.3
196703,2,390,174.9 44.6
196703,2,396,178.2 44.8
196703,2,402,181.5 45.1
196915,2,0,94.9 17.3
196915,2,6,94.6 17.6
196915,2,12,94.3 17.9
196915,2,18,94.1 18.1
196915,2,24,93.9 18.3
196915,2,30,93.5 18.7
196915,2,36,93.1 19.1
196915,2,42,92.4 19.7
196915,2,48,91.7 20.4
196915,2,54,91 21
196915,2,60,90.5 21.5
196915,2,66,89.8 22.4
196915,2,72,89.2 23.3
196915,2,78,89.1 23.8
196915,2,84,89 24.3
196915,2,90,88.9 24.9
196915,2,96,89 25.8
196915,2,102,89.6 26.2
196915,2,108,90.4 26.3
196915,2,114,91.1 26.3
196915,2,120,91.7 26.2
196915,2,126,92.5 26
196915,2,132,93.2 25.4
196915,2,138,93.5 25.1
196915,2,144,93.8 24.7
196915,2,150,93.9 24.4
196915,2,156,93.8 24.1
196915,2,162,93.2 23.8
196915,2,168,92.5 23.6
196915,2,174,92 23.5
196915,2,180,91.4 23.4
196915,2,186,90.5 23.2
196915,2,192,89.6 23.1
196915,2,198,88.9 22.9
196915,2,204,88.3 22.4
196915,2,210,87.8 22
196915,2,216,87.4 21.4
196915,2,222,87.1 20.8
196915,2,228,87 20.1
196915,2,234,87 19.4
196915,2,240,86.9 18.7
196915,2,246,86.9 18
197009,2,0,111.5 24.5
197009,2,6,112.1 25
197009,2,12,113 25.5
197009,2,18,114.5 25.9
197009,2,24,116 26.3
197009,2,30,116.4 26.7
197009,2,36,116.5 27
197009,2,42,115 27
197009,2,48,113.5 27
197009,2,54,112.8 27.3
197009,2,60,112.5 27.5
197009,2,66,112.4 27.8
197009,2,72,112.5 28
197009,2,78,112.6 28.8
197009,2,84,113 30
197009,2,90,113.4 30.7
197009,2,96,114 31.5
197009,2,102,115.3 32.5
197009,2,108,117 34
197009,2,114,118.3 36.5
197009,2,120,119 39
197009,2,126,122.5 42.5
197009,2,132,127 47
197108,2,0,108.5 25.5
197108,2,6,108.8 25.2
197108,2,12,109 25
197108,2,18,109.2 24.8
197108,2,24,109.5 24.6
197108,2,30,109.7 24.4
197108,2,36,110.1 24.3
197108,2,42,110.7 24.7
197108,2,48,111.2 25.2
197108,2,54,111.5 25.5
197108,2,60,111.8 25.9
197108,2,66,112 26.3
197108,2,72,112.1 26.6
197108,2,78,112.3 26.8
197108,2,84,112.4 27
197108,2,90,112.6 27.3
197108,2,96,113 27.6
197108,2,102,113.4 27.7
197108,2,108,113.9 27.7
197108,2,114,114.5 27.7
197108,2,120,115 27.7
197108,2,126,115.8 27.8
197108,2,132,116.7 27.9
197108,2,138,117.6 28.3
197108,2,144,118.4 28.9
197108,2,150,119.3 29.6
197108,2,156,120.1 30.3
197108,2,162,121 31.1
197108,2,168,121.8 31.7
197108,2,174,122.8 32.3
197108,2,180,123.9 32.7
197108,2,186,125.1 33
197108,2,192,126.7 33.3
197108,2,198,127.3 33.6
197108,2,204,129.9 33.7
197108,2,210,131.7 33.3
197108,2,216,131.6 33
197108,2,222,131.3 32.9
197108,2,228,130.9 32.8
197108,2,234,130.6 32.7
197108,2,240,130.4 32.7
197108,2,246,130.2 32.7
197108,2,252,129.9 32.7
197108,2,258,129.5 32.7
197108,2,264,129 32.7
197108,2,270,128.5 32.7
197108,2,276,128.1 32.7
197108,2,282,127.8 32.6
197108,2,288,127.6 32.5
197108,2,294,127.4 32.3
197108,2,300,127.2 32.1
197108,2,306,127.2 31.8
197108,2,312,127.4 31.4
197108,2,318,127.8 31
197108,2,324,128.3 31
197108,2,330,128.4 31.2
197108,2,336,128.3 31.4
197108,2,342,128.2 31.6
197108,2,348,128 31.7
197108,2,354,127.6 31.8
197108,2,360,127 31.7
197108,2,366,126.5 31.6
197108,2,372,125.8 31.5
197108,2,378,124.8 31.4
197108,2,384,123.5 31.3
197108,2,390,122.2 31.3
197108,2,396,120.8 31.2
197108,2,402,119.7 31.1
197108,2,408,118.5 31
197108,2,414,117.2 30.9
197108,2,420,116 30.8
197108,2,426,114.9 30.5
197108,2,432,113.8 30.1
197108,2,438,112.9 30
197108,2,444,112.5 30
197108,2,450,112.2 29.9
197108,2,456,111.8 29.8
197108,2,462,111.6 29.6
197108,2,468,111.5 29.4
197108,2,474,111.4 29.2
197108,2,480,111.2 28.8
197108,2,486,111 28.4
197108,2,492,110.7 28.2
197108,2,498,110.3 28
197108,2,504,109.8 27.9
197108,2,510,109.6 28
197108,2,516,109.4 28.2
197108,2,522,109.1 28.4
197108,2,528,109 28.7
197108,2,534,108.9 29.1
197108,2,540,108.7 29.5
197108,2,546,108.3 30
197108,2,552,107.8 30.5
197108,2,558,107.2 31
197108,2,564,106.5 31.6
197108,2,570,105.6 32.3
197108,2,576,105 32.9
197108,2,582,104.5 33.5
197108,2,588,104 34
197108,2,594,103.5 34.5
197108,2,600,103 34.7
197108,2,606,102.5 34.8
197108,2,612,102 34.9
197108,2,618,101.8 35.2
197108,2,624,101.7 35.6
197108,2,630,101.8 36.2
197108,2,636,101.9 36.8
197108,2,642,102.3 37.2
197108,2,648,103.2 37.3
197108,2,654,104.1 37.2
197108,2,660,105 37
197108,2,666,105.9 36.7
197108,2,672,106.7 36.4
197108,2,678,107.3 36.1
197108,2,684,108 35.9
197108,2,690,108.7 35.8
197108,2,696,109.4 35.7
197108,2,702,110.1 35.7
197409,2,0,115 15.3
197409,2,6,113.5 15.7
197409,2,12,112 16
197409,2,18,110.5 16.3
197409,2,24,109 16.5
197409,2,30,107.5 16.8
197409,2,36,106 17
197409,2,42,104.5 17
197409,2,48,103 17
197409,2,54,102.2 17
197409,2,60,101.3 17
197409,2,66,100.5 16.9
197409,2,72,99.8 16.6
197409,2,78,99 16.4
197409,2,84,98.3 16.3
197409,2,90,97.6 16.3
197409,2,96,96.5 16.3
197409,2,102,95.3 16.3
197409,2,108,94.3 16.2
197409,2,114,93.4 16.1
197409,2,120,92.5 16.1
197409,2,126,91.8 16.3
197409,2,132,90.8 16.7
197409,2,138,89.5 16.8
197409,2,144,88 16.9
197409,2,150,86.5 17
197409,2,156,85 17.2
197409,2,162,82.9 17.5
197409,2,168,81 17.5
197409,2,174,80.2 17.6
197409,2,180,79 17.5
197409,2,186,77.5 17.7
197409,2,192,75.7 17.7
197504,2,0,133.7 33.3
197504,2,6,132.5 33.6
197504,2,12,131.9 34.5
197504,2,18,131.5 34.7
197504,2,24,131.1 34.9
197504,2,30,130.9 35.2
197504,2,36,131.1 35.3
197504,2,42,131.5 35.3
197504,2,48,132 35.3
197504,2,54,132.9 35
197504,2,60,133.7 34.9
197504,2,66,134.3 34.8
197504,2,72,134.8 34.7
197504,2,78,135.1 34.6
197504,2,84,135.4 34.5
197504,2,90,135.8 34.6
197504,2,96,136 34.9
197504,2,102,136 35.4
197504,2,108,135.6 35.8
197504,2,114,135.5 36.4
197504,2,120,135.7 37
197504,2,126,135.8 37.7
197504,2,132,136.2 38.4
197504,2,138,136.4 39.7
197504,2,144,137 41.1
197504,2,150,137.5 42
197504,2,156,138 42.8
197504,2,162,138.6 43.2
197504,2,168,139.3 43.5
197506,2,0,146.5 17.5
197506,2,6,145.6 17.8
197506,2,12,144.7 18.3
197506,2,18,143.6 19
197506,2,24,142.4 19.6
197506,2,30,141 20
197506,2,36,139.8 20.4
197506,2,42,138.7 20.5
197506,2,48,137.3 20.5
197506,2,54,136 20.3
197506,2,60,134.7 20.2
197506,2,66,133.8 20.3
197506,2,72,133 20.3
197506,2,78,132.2 20.3
197506,2,84,131.5 20.4
197506,2,90,130.7 20.5
197506,2,96,130 20.5
197506,2,102,129.2 20.4
197506,2,108,128.5 20.4
197506,2,114,127.8 20.4
197506,2,120,126.6 20.3
197506,2,126,125.4 20.4
197506,2,132,124.2 20.6
197506,2,138,123.5 20.8
197506,2,144,122.9 21.5
197506,2,150,123 22.4
197506,2,156,123.1 23
197506,2,162,122.8 23.8
197506,2,168,121.9 24.2
197506,2,174,121.2 24.8
197506,2,180,120.6 25.5
197506,2,186,120 26.5
197506,2,192,119.1 27.9
197506,2,198,118 29.6
197506,2,204,116.9 31
197506,2,210,115.8 32.7
197506,2,216,114.8 34.4
197506,2,222,114.3 36.1
197506,2,228,115 37.4
197506,2,234,116.3 38.4
197506,2,240,119.5 39.8
197506,2,246,122.9 41
197506,2,252,128 42.3
197506,2,258,134 42.8
197506,2,264,140 42.9
197506,2,270,146 43
197807,2,0,141 12
197807,2,6,140 13
197807,2,12,138.8 14.2
197807,2,18,137.1 15.5
197807,2,24,135.2 16.7
197807,2,30,133.6 17.8
197807,2,36,132.1 18.9
197807,2,42,130.5 20.3
197807,2,48,128.8 21.2
197807,2,54,126.8 22
197807,2,60,124.9 22.1
197807,2,66,123.2 21.8
197807,2,72,122 21.7
197807,2,78,121 21.8
197807,2,84,120 22.2
197807,2,90,118.8 22.3
197807,2,96,118 22.6
197807,2,102,118 23.5
197807,2,108,118.9 24.3
197807,2,114,119.5 25
197807,2,120,120.1 25.7
197807,2,126,120.8 26.4
197807,2,132,121.7 27.2
197807,2,138,122.7 27.7
197807,2,144,123.9 28.2
197807,2,150,125.2 28.6
197807,2,156,126.6 28.7
197807,2,162,128 29.1
197807,2,168,129.5 29.2
197807,2,174,130.9 29.9
197807,2,180,132.5 30.7
197807,2,186,134.3 31
197807,2,192,135.3 31.3
197807,2,198,136 31.4
197807,2,204,136.5 31.6
197807,2,210,137 31.7
197807,2,216,137.1 31.8
197807,2,222,137 32.1
197807,2,228,137 32.6
197807,2,234,136.9 33.6
197807,2,240,136.9 34.6
197807,2,246,137.1 35.9
197807,2,252,138.1 37.4
197807,2,258,139.4 39.3
197807,2,264,141.5 40.9
197807,2,270,144.1 43.1
197807,2,276,147.2 45.7
197807,2,282,150.6 47.7
197807,2,288,155.7 49.8
197807,2,294,161 51.5
197907,2,0,159 15.5
197907,2,6,157.5 16.5
197907,2,12,156 17.5
197907,2,18,154.5 18.5
197907,2,24,153 19
197907,2,30,151.2 19.8
197907,2,36,149.7 20.5
197907,2,42,148 21.2
197907,2,48,146.2 22
197907,2,54,144.5 22.5
197907,2,60,143.2 23.2
197907,2,66,142.8 24.4
197907,2,72,142 25.6
197907,2,78,141.3 26.4
197907,2,84,140.8 27
197907,2,90,140 27.5
197907,2,96,139.7 28
197907,2,102,139 28.6
197907,2,108,138.3 29.3
197907,2,114,137.5 29.9
197907,2,120,136.8 30.4
197907,2,126,136 31
197907,2,132,135 31.5
197907,2,138,134.2 31.2
197907,2,144,133.2 31
197907,2,150,133 31.1
197907,2,156,132.6 31.3
197907,2,162,132.1 31.4
197907,2,168,131.9 31.6
197907,2,174,131.6 31.8
197907,2,180,131.4 32.2
197907,2,186,131.4 32.4
197907,2,192,131.7 32.8
197907,2,198,132.2 33.2
197907,2,204,133 33.9
197907,2,210,134 34.5
197907,2,216,135 35
197907,2,222,136.2 36
197907,2,228,138.5 37
197907,2,234,140.5 38.5
197907,2,240,142.2 40.2
197907,2,246,144.2 42
197907,2,252,146 43.4
197907,2,258,148 45
198010,2,0,97.4 13.6
198010,2,6,97 14.7
198010,2,12,96.6 16
198010,2,18,96.1 17.3
198010,2,24,95.7 18.6
198010,2,30,95.4 19.3
198010,2,36,95.2 20
198010,2,42,94.9 20.8
198010,2,48,94.8 21.3
198010,2,54,94.7 21.6
198010,2,60,94.6 22
198010,2,66,94.5 22.5
198010,2,72,94.3 23.2
198010,2,78,93.9 23.7
198010,2,84,93.5 24.1
198010,2,90,93 24.1
198010,2,96,92.8 24.1
198010,2,102,92.6 24.1
198010,2,108,91.7 23.9
198010,2,114,91 23.8
198010,2,120,90.2 23.8
198010,2,126,89.7 24
198010,2,132,88.4 24.9
198010,2,138,87.2 25.6
198010,2,144,86 25.6
198010,2,150,85 25.5
198010,2,156,84.8 25.6
198010,2,162,84.8 25.8
198010,2,168,85.2 26
198010,2,174,85.6 26.2
198010,2,180,86.3 26.3
198010,2,186,86.8 26.2
198010,2,192,87.1 25.9
198010,2,198,87 25.4
198010,2,204,86.9 25.2
198605,2,0,129.2 21.8
198605,2,6,128.4 22.4
198605,2,12,127.7 23.2
198605,2,18,127.1 24.1
198605,2,24,126.6 25
198605,2,30,126.2 25.6
198605,2,36,125.7 26.3
198605,2,42,125.2 26.8
198605,2,48,124.6 27.2
198605,2,54,124.5 28.1
198605,2,60,124.7 28.8
198605,2,66,125.1 29.5
198605,2,72,125.3 30.1
198605,2,78,126.2 30.4
198605,2,84,126.9 30.5
198605,2,90,127.6 30.6
198605,2,96,128.3 30.6
198605,2,102,128.9 30.4
198605,2,108,129.4 30
198605,2,114,129.9 29.6
198605,2,120,130.4 29.2
198605,2,126,131 29
198605,2,132,131.5 28.7
198605,2,138,131.1 29.1
198605,2,144,130.7 29.5
198605,2,150,130.1 29.9
198605,2,156,129.7 30.6
198605,2,162,129.1 31.4
198605,2,168,129.3 32.6
198605,2,174,129.6 34
198605,2,180,130.4 36
198605,2,186,131.6 38.3
198605,2,192,132.5 41
198605,2,198,133.7 43.5
198605,2,204,135.2 46.2
198605,2,210,138 49
198605,2,216,140.5 52
198605,2,222,146 56
199009,2,0,156.6 7.2
199009,2,6,154.9 7.4
199009,2,12,153.3 8.4
199009,2,18,151.6 9.2
199009,2,24,150.1 9.7
199009,2,30,148.6 9.9
199009,2,36,147.3 10
199009,2,42,146.2 10.4
199009,2,48,145.3 11.3
199009,2,54,144.6 12.4
199009,2,60,144 13.5
199009,2,66,143.6 14.7
199009,2,72,143.2 15.9
199009,2,78,142.7 17.2
199009,2,84,142.4 18.5
199009,2,90,142.1 19.9
199009,2,96,141.8 21.1
199009,2,102,141.3 22.2
199009,2,108,140.7 23.2
199009,2,114,140 24.3
199009,2,120,139.3 25.6
199009,2,126,138.3 26.8
199009,2,132,137 27.9
199009,2,138,135.8 28.6
199009,2,144,134.9 29
199009,2,150,134.4 29.4
199009,2,156,133.9 29.8
199009,2,162,133.4 30.1
199009,2,168,133 30.6
199009,2,174,132.6 31.2
199009,2,180,132 31.9
199009,2,186,131.3 32.6
199009,2,192,130.5 33.1
199009,2,198,129.9 33.4
199009,2,204,129.6 33.6
199009,2,210,129.4 33.8
199009,2,216,129.3 34.1
199009,2,222,129.2 34.4
199009,2,228,129.2 34.9
199009,2,234,129.4 35.4
199009,2,240,129.9 35.8
199009,2,246,130.6 36.2
199009,2,252,131.3 36.6
199009,2,258,132.1 37.1
199009,2,264,132.6 37.8
199009,2,270,132.8 38.7
199009,2,276,132.5 39.6
199009,2,282,132 40.3
199009,2,288,131.5 40.5
199009,2,294,132.1 41.8
199009,2,300,133 43.5
199009,2,306,134.5 45
199009,2,312,136.5 46.5
199009,2,318,138.5 48.2
199009,2,324,140.5 50
199107,2,0,115.1 27.1
199107,2,6,114.8 27.1
199107,2,12,114.5 27.2
199107,2,18,114 27.3
199107,2,24,113.5 27.5
199107,2,30,112.9 28.1
199107,2,36,113.1 28.9
199107,2,42,113.6 29.8
199107,2,48,112.8 30.8
199107,2,54,111.9 31.6
199107,2,60,111.5 32.2
199107,2,66,111.5 32.3
199107,2,72,112.2 32.4
199107,2,78,113.2 31.8
199107,2,84,114.7 31.6
199107,2,90,116.8 31.5
199107,2,96,121 32.5
199203,2,0,121 33.8
199203,2,6,121.7 33.5
199203,2,12,122 33.7
199203,2,18,122.1 34
199203,2,24,121.9 34.3
199203,2,30,122.2 34.2
199203,2,36,122.6 34.4
199203,2,42,122.9 34.7
199203,2,48,123.2 35.2
199203,2,54,123.4 35.6
199203,2,60,123.8 36.1
199203,2,66,124 36.5
199203,2,72,124.5 36.8
199203,2,78,125.4 37
199203,2,84,126.2 37.2
199203,2,90,127 37.3
199203,2,96,127.7 37.5
199203,2,102,128.5 37.7
199203,2,108,128.8 37.7
199203,2,114,129 37.8
199203,2,120,129.1 37.8
199203,2,126,129.3 37.7
199203,2,132,129.3 37.6
199203,2,138,129.2 37.6
199203,2,144,129 37.5
199203,2,150,128.9 37.5
199203,2,156,128.8 37.5
199203,2,162,128.6 37.4
199203,2,168,128.5 37.2
199203,2,174,128.2 36.8
199203,2,180,128.2 36.3
199203,2,186,128.2 35.7
199203,2,192,128.2 35.1
199203,2,198,128.3 34.6
199203,2,204,128.7 34.1
199203,2,210,129.2 33.8
199203,2,216,130.1 33.3
199203,2,222,131.6 33.2
199203,2,228,133.1 33.1
199203,2,234,134.6 33
199203,2,240,136 33
199203,2,246,137 33.1
199203,2,252,138 33.4
199203,2,258,139 33.9
199203,2,264,140.2 34.5
199203,2,270,141.5 35
199203,2,276,142.4 35.2
199203,2,282,143.4 35.5
199203,2,288,145.2 36.1
199203,2,294,147.9 36.6
199203,2,300,150.6 37.3
199203,2,306,153.6 38.4
199203,2,312,155.8 39
199203,2,318,157.2 39
199203,2,324,158.4 39
199203,2,330,158.8 38.5
199203,2,336,158.5 38.2
199203,2,342,158.2 38.1
199203,2,348,157.8 37.9
199203,2,354,157.3 37.8
199203,2,360,156 38
199307,2,0,99.3 10.6
199307,2,6,98.7 10.7
199307,2,12,97.8 11
199307,2,18,97 11.3
199307,2,24,96.2 11.8
199307,2,30,95.7 12.1
199307,2,36,95.1 12.5
199307,2,42,94.6 12.9
199307,2,48,94.2 13.3
199307,2,54,93.7 13.8
199307,2,60,93.2 14.5
199307,2,66,92.7 15.4
199307,2,72,92.2 16.3
199307,2,78,91.9 17.3
199307,2,84,91.4 18.2
199307,2,90,90.7 18.7
199307,2,96,89.5 19.2
199307,2,102,88.4 19.6
199307,2,108,87.5 20
199307,2,114,86.8 20.5
199307,2,120,86.1 20.7
199307,2,126,85.8 20.9
199307,2,132,85 21.1
199307,2,138,84.1 21.2
199307,2,144,83 21.3
199307,2,150,81.7 21.1
199307,2,156,79.8 20.9
199307,2,162,77.5 20.8
199307,2,168,75.3 20.8
199508,2,0,147 13.2
199508,2,6,145.7 13.7
199508,2,12,144.8 14.2
199508,2,18,143.8 14.6
199508,2,24,142.7 14.8
199508,2,30,141.7 14.9
199508,2,36,140.8 15
199508,2,42,139.7 15.1
199508,2,48,139 15.2
199508,2,54,138.1 15.3
199508,2,60,137.4 15.4
199508,2,66,136.8 15.7
199508,2,72,136.2 16.1
199508,2,78,135.6 16.7
199508,2,84,134.9 17.6
199508,2,90,134.1 18.5
199508,2,96,133.4 19.4
199508,2,102,132.8 20
199508,2,108,132.4 20.6
199508,2,114,132 21.4
199508,2,120,131.8 22.2
199508,2,126,132 22.9
199508,2,132,131.8 24.1
199508,2,138,131.6 25.4
199508,2,144,131.4 26.4
199508,2,150,131.2 27.1
199508,2,156,130.9 27.7
199508,2,162,130.7 28.4
199508,2,168,130.6 29
199508,2,174,130.6 29.5
199508,2,180,130.8 30
199508,2,186,131.1 30.6
199508,2,192,131.7 31.3
199508,2,198,132.9 32.8
199508,2,204,134.3 34
199508,2,210,136 35.2
199508,2,216,138.1 36
199508,2,222,140 37.1
199508,2,228,141 38.3
199508,2,234,141.8 39.1
199508,2,240,143 40
199804,2,0,145.7 13.4
199804,2,6,143.9 13.8
199804,2,12,142.1 14.2
199804,2,18,140.2 14.8
199804,2,24,138.4 15.3
199804,2,30,136.7 16.2
199804,2,36,134.7 16.9
199804,2,42,132.7 17.6
199804,2,48,130.9 18.4
199804,2,54,128.9 19.1
199804,2,60,127.2 19.7
199804,2,66,125.1 20.1
199804,2,72,123.3 20.6
199804,2,78,121.5 21.2
199804,2,84,119.9 21.8
199804,2,90,118.3 22.4
199804,2,96,116.8 22.7
199804,2,102,115.6 23
199804,2,108,114.3 23.4
199804,2,114,113.1 23.9
199804,2,120,111.8 24.3
199804,2,126,110.6 24.8
199804,2,132,109.5 25.4
199804,2,138,108.6 25.9
199804,2,144,107.8 26.4
199804,2,150,106.9 26.9
199804,2,156,106.1 27.5
199804,2,162,105.9 27.9
199804,2,168,105.7 28.4
199804,2,174,105.9 29.2
199804,2,180,106.3 30
199804,2,186,106.7 30.9
199804,2,192,107.3 31.7
199804,2,198,108 32.2
199804,2,204,109.3 32.9
199804,2,210,110.9 33.7
199804,2,216,112.4 34.6
199804,2,222,114.6 36
199804,2,228,116.9 37.9
199804,2,234,119.9 39.9
199804,2,240,122.5 42.1
199804,2,246,125.2 43.4
199804,2,252,128.1 44.6
199804,2,258,131.5 44.8
199804,2,264,136 44.9
199804,2,270,139.5 45
199804,2,276,143 45.3
199804,2,282,147 45.9
199804,2,288,152 46.5
199804,2,294,155 47
199804,2,300,158 48
199804,2,306,161 50
199804,2,312,162 51.5
199804,2,318,162.9 52.8
199804,2,324,163.3 53.3
199804,2,330,163.8 53.8
199804,2,336,164 54.5
199804,2,342,165 55
199804,2,348,166 55.8
199804,2,354,166.9 56.4
199804,2,360,168 57
199805,2,0,86.5 21.6
199805,2,6,86.2 22.4
199805,2,12,86.3 23.2
199805,2,18,86.6 24.1
199805,2,24,86.9 25
199805,2,30,87.5 25.8
199805,2,36,88.5 26.8
199805,2,42,89.6 27.6
199805,2,48,91 28.2
199805,2,54,92.1 28.7
199805,2,60,93.2 29.4
199805,2,66,94.3 30.1
199805,2,72,96 31.3
199805,2,78,97.6 32.4
199805,2,84,99.5 33.2
199805,2,90,101 34.5
199805,2,96,102.8 35.9
199805,2,102,105 36.5
199805,2,108,109 38
199805,2,114,114.5 40
199805,2,120,119 42.5
199805,2,126,124 45
199805,2,132,126 47
199805,2,138,127 48
199805,2,144,128 49
199805,2,150,130 49.5
199805,2,156,132 50
199805,2,162,135 50.5
199805,2,168,139 51
199805,2,174,143 51
199805,2,180,148 51
199805,2,186,151.5 51.5
199805,2,192,155 52
199904,2,0,112.3 21.5
199904,2,6,111.1 22
199904,2,12,110 22.4
199904,2,18,109.1 22.7
199904,2,24,108.5 22.8
199904,2,30,108.1 23
199904,2,36,107.9 23.2
199904,2,42,107.7 23.4
199904,2,48,107.5 23.6
199904,2,54,106.9 23.8
199904,2,60,106.4 24.1
199904,2,66,106 24.4
199904,2,72,105.6 24.8
199904,2,78,105 25.2
199904,2,84,104.5 25.6
199904,2,90,104.1 25.9
199904,2,96,103.8 26.1
199904,2,102,103.3 26.5
199904,2,108,103 27.1
199904,2,114,102.7 27.7
199904,2,120,102.3 28.3
199904,2,126,102.1 29
199904,2,132,101.6 29.9
199904,2,138,101.6 30.8
199904,2,144,101.9 31.9
199904,2,150,102.4 32.8
199904,2,156,103.5 33.6
199904,2,162,105.2 34.3
199904,2,168,106.4 34.9
199904,2,174,107.1 35.1
199904,2,180,107.2 35.2
199904,2,186,106.7 35.1
199904,2,192,106.4 35.2
199904,2,198,106.6 35
199904,2,204,106.5 35.4
199904,2,210,106.2 35.5
199904,2,216,106.3 35.4
199904,2,222,106.4 35.2
199904,2,228,106.3 35.1
199904,2,234,106.1 34.8
199904,2,240,106 34.2
199904,2,246,105.9 33.6
199904,2,252,106.1 33.2
199904,2,258,106.2 33
199904,2,264,106 33.1
199904,2,270,105.5 33.3
199904,2,276,104.7 33.9
199904,2,282,104 34.5
199904,2,288,103.2 35
199904,2,294,102.3 35.5
199904,2,300,101.2 36.1
199904,2,306,100.6 36.2
199904,2,312,100.1 36.2
199904,2,318,99.9 36.4
199904,2,324,100.1 37
199904,2,330,100.5 37.7
199904,2,336,101.5 38.5
199904,2,342,103 40.8
199904,2,348,102.3 42.7
199904,2,354,102.3 43.5
199904,2,360,103.5 43.5
199904,2,366,104.2 44
199904,2,372,105.2 44.9
199904,2,378,104.4 45.5
199909,2,0,98 15.9
199909,2,6,97 16.4
199909,2,12,96.8 16.7
199909,2,18,96.7 17.3
199909,2,24,96.6 18.5
199909,2,30,96.4 19.8
199909,2,36,96.4 20.7
199909,2,42,96.4 21
199909,2,48,97.1 21.3
199909,2,54,97.6 22.4
199909,2,60,97.4 23.1
199909,2,66,97.8 23.8
199909,2,72,98.2 24.4
199909,2,78,98.7 25.1
199909,2,84,99.4 26.1
199909,2,90,99.8 27
199909,2,96,99.9 27.8
199909,2,102,100.1 28.6
199909,2,108,100.2 29.4
199909,2,114,100.2 30.2
199909,2,120,100.3 31.2
199909,2,126,101 32.2
199909,2,132,102.6 33.4
199909,2,138,104.8 34.8
199909,2,144,108.4 36.8
199909,2,150,112.6 39
199909,2,156,119 41.5
199909,2,162,128.5 44.9
199909,2,168,132 48
199909,2,174,135 51
200207,2,0,109 29
200207,2,6,108.9 30.2
200207,2,12,107.7 30.5
200207,2,18,107.4 31.2
200207,2,24,106.4 31.6
200207,2,30,105.5 31.9
200207,2,36,104.5 32.1
200207,2,42,104.5 33
200207,2,48,104.6 33.7
200207,2,54,104.6 35
200207,2,60,105.3 35.5
200207,2,66,107 36.8
200207,2,72,109.2 38
200207,2,78,113.2 40.3
200207,2,84,117.2 43.1
200207,2,90,120.4 46.5
200207,2,96,122.3 48.6
200207,2,102,124.5 50.1
200207,2,108,126 51
200207,2,114,127.5 52.5
200207,2,120,128.6 54.5
200207,2,126,130.5 56
200207,2,132,128.5 57
200207,2,138,127.5 58
200207,2,144,126.5 59.5
200207,2,150,126 61
200207,2,156,125.5 62.5
200509,2,0,146.5 12.9
200509,2,6,145.5 13.6
200509,2,12,144.5 14.6
200509,2,18,143.2 15.6
200509,2,24,141.6 16.6
200509,2,30,140.2 17.2
200509,2,36,139.5 17.7
200509,2,42,138.4 18.2
200509,2,48,137.2 18.8
200509,2,54,136.5 19.3
200509,2,60,135.8 19.7
200509,2,66,135 20.2
200509,2,72,134 20.8
200509,2,78,132.8 21.3
200509,2,84,131.7 21.8
200509,2,90,130.1 22.2
200509,2,96,129.1 22.4
200509,2,102,128 22.5
200509,2,108,127.1 22.4
200509,2,114,126.3 22.4
200509,2,120,125.2 22.4
200509,2,126,124.3 22.4
200509,2,132,123.5 22.3
200509,2,138,122.8 22.4
200509,2,144,121.9 22.8
200509,2,150,120.7 23.3
200509,2,156,119.6 23.9
200509,2,162,118.3 24.7
200509,2,168,117.1 25.4
200509,2,174,116.2 26.3
200509,2,180,114.9 27.2
200509,2,186,113.7 27.9
200509,2,192,112.9 28.4
200509,2,198,112.3 28.9
200509,2,204,111.8 29.6
200509,2,210,111 30
200509,2,216,110.6 30.8
200509,2,222,110.1 31.6
200509,2,228,109.8 32.1
200509,2,234,109.9 33.1
200509,2,240,110 34
200509,2,246,110.5 34.9
200509,2,252,111.3 35.7
200509,2,258,112.3 36.3
200509,2,264,113.5 36.5
200509,2,270,114.9 36.6
200509,2,276,116 36.6
200509,2,282,117 36.6
200509,2,288,118 36.5
200509,2,294,118.7 36.5
200509,2,300,119.4 36.5
200509,2,306,120.9 36.9
200509,2,312,122.7 37.6
200509,2,318,125 38.6
200509,2,324,127.7 40.3
200509,2,330,131.1 43.3
195007,2,0,127.3 24.4
195007,2,6,127.6 25.2
195007,2,12,127.7 25.9
195007,2,18,127.6 26.6
195007,2,24,127.2 27.4
195007,2,30,126.6 28.1
195007,2,36,125.8 28.7
195007,2,42,124.9 29.1
195007,2,48,123.9 29.4
195007,2,54,122.8 29.7
195007,2,60,121 30.1
195007,2,66,119.3 30.3
195007,2,72,118.5 30.3
195007,2,78,117.8 30.3
195007,2,84,116.8 30.3
195007,2,90,116.2 30.3
195007,2,96,116 30.3
195007,2,102,115.9 30.3
195007,2,108,115.7 30.3
195007,2,114,115.6 30.3
195007,2,120,115.3 30.3
195007,2,126,114.9 30.4
195007,2,132,114.3 30.7
195007,2,138,113.7 31
195007,2,144,113.3 31.2
195007,2,150,113 31.4
195007,2,156,112 33
195007,2,162,111.6 34.6
195007,2,168,112.5 36.3
195007,2,174,114 37.8
195007,2,180,116.3 39.9
195007,2,186,119.5 42.3
195007,2,192,123.3 44.6
195007,2,198,128.1 47
195007,2,204,134 49.5
195007,2,210,140.1 52.1
195007,2,216,145.9 54.8
195007,2,222,151.4 57.5
195007,2,228,153.2 58.7
195007,2,234,155.1 59.3
195007,2,240,157.1 59.9
195007,2,246,159 60.5
195202,2,0,161 14.6
195202,2,6,160.4 14.4
195202,2,12,160.2 14.3
195202,2,18,159.1 14.1
195202,2,24,158.5 13.9
195202,2,30,157.4 13.7
195202,2,36,156.4 13.4
195202,2,42,155.3 13.2
195202,2,48,154.1 13
195202,2,54,152.8 12.8
195202,2,60,151.7 12.6
195202,2,66,150.6 12.4
195202,2,72,149.3 12.3
195202,2,78,147.9 12.3
195202,2,84,146.6 12.3
195202,2,90,145.4 12.3
195202,2,96,144.6 12.3
195202,2,102,143.5 12.3
195202,2,108,141.9 12.5
195202,2,114,140.2 12.9
195202,2,120,138.5 13.3
195202,2,126,136.9 13.7
195202,2,132,135.3 14.3
195202,2,138,133.7 14.9
195202,2,144,132.3 15.3
195202,2,150,130.9 15.8
195202,2,156,128.8 16.4
195202,2,162,126.5 17
195202,2,168,124.5 17.7
195202,2,174,122.9 18.4
195202,2,180,121.9 19
195202,2,186,120.9 19.6
195202,2,192,119.7 20.1
195202,2,198,118.6 20.6
195202,2,204,117.8 20.9
195202,2,210,117.1 21.2
195202,2,216,116.3 21.5
195202,2,222,115.3 21.9
195202,2,228,114.2 22.3
195202,2,234,112.9 23
195202,2,240,111.5 23.8
195202,2,246,110.2 24.7
195202,2,252,109 25.5
195202,2,258,107.8 26.3
195202,2,264,106.6 27.1
195202,2,270,105.3 27.8
195202,2,276,103.8 28.5
195202,2,282,102.2 29.2
195202,2,288,101 29.5
195202,2,294,100.3 29.8
195202,2,300,99.9 30.7
195202,2,306,99.5 31.8
195202,2,312,99.2 33.1
195202,2,318,99 34.4
195202,2,324,99.4 35.8
195202,2,330,100.3 37.2
195202,2,336,101.4 38.3
195202,2,342,102.9 39.3
195202,2,348,105.2 40.9
195202,2,354,107.3 42.3
195202,2,360,108.5 43
195202,2,366,109.6 43.7
195202,2,372,110.6 44.4
195206,2,0,129 15.2
195206,2,6,129 15.3
195206,2,12,129 15.5
195206,2,18,129 15.7
195206,2,24,129 16
195206,2,30,129 16.3
195206,2,36,129 16.7
195206,2,42,129 17.1
195206,2,48,129 17.5
195206,2,54,129.1 18.1
195206,2,60,129.5 18.7
195206,2,66,129.8 18.7
195206,2,72,130.2 18.7
195206,2,78,130.8 18
195206,2,84,130.8 17.2
195206,2,90,130.6 16.4
195206,2,96,130.1 15.6
195206,2,102,129.7 15.1
195206,2,108,129 14.7
195206,2,114,128.1 14.1
195206,2,120,127 14
195403,2,0,105.1 24
195403,2,6,104.5 25.1
195403,2,12,104 26.1
195403,2,18,103.7 27
195403,2,24,103.6 27.7
195403,2,30,103.7 28.4
195403,2,36,103.8 28.9
195403,2,42,103.7 29.3
195403,2,48,103.5 29.6
195403,2,54,103.4 29.8
195403,2,60,103.3 29.9
195403,2,66,103.1 30.1
195403,2,72,102.8 30.3
195403,2,78,102.6 30.4
195403,2,84,102.4 30.5
195403,2,90,102.2 30.7
195403,2,96,102.1 30.9
195403,2,102,102 31.2
195403,2,108,101.9 31.5
195403,2,114,102 31.9
195403,2,120,102.4 32.5
195403,2,126,103 33.1
195403,2,132,103.9 34.2
195403,2,138,105.8 37.3
195403,2,144,107.1 40.2
195403,2,150,108.2 43.1
195403,2,156,108.9 46.2
195403,2,162,108.8 48.9
195408,2,0,123.9 27.8
195408,2,6,124.4 27.8
195408,2,12,124.8 27.8
195408,2,18,125.2 27.9
195408,2,24,125.7 28
195408,2,30,126.3 28.1
195408,2,36,126.9 28.3
195408,2,42,127.6 28.5
195408,2,48,128.2 28.9
195408,2,54,128.7 29.3
195408,2,60,129 29.5
195408,2,66,129.3 29.7
195408,2,72,129.7 29.9
195408,2,78,130 30.1
195408,2,84,130.3 30.3
195408,2,90,130.6 30.6
195408,2,96,130.9 30.9
195408,2,102,131.3 31.2
195408,2,108,131.6 31.6
195408,2,114,131.7 32
195408,2,120,131.7 32.3
195408,2,126,131.4 32.5
195408,2,132,130.7 32.7
195408,2,138,130.1 32.8
195408,2,144,129.5 32.8
195408,2,150,128.8 32.6
195408,2,156,128 31.9
195408,2,162,127 31
195408,2,168,126.1 30.4
195408,2,174,125.3 29.9
195408,2,180,124.3 29.8
195408,2,186,123.4 29.7
195408,2,192,123 30.5
195408,2,198,123.5 31.3
195408,2,204,124.4 32.2
195408,2,210,125.3 33
195408,2,216,126.1 33.4
195408,2,222,127 33.7
195408,2,228,128.3 34.2
195408,2,234,129.9 34.7
195408,2,240,130.9 35.2
195408,2,246,132.2 35.8
195408,2,252,135.6 37.1
195408,2,258,139.6 38.9
195408,2,264,142.6 40.8
195408,2,270,145.5 43.2
195408,2,276,148.3 47.4
195408,2,282,151 54.2
195504,2,0,139 12.4
195504,2,6,137.7 12.8
195504,2,12,136.5 13.2
195504,2,18,135.3 13.6
195504,2,24,134.1 13.9
195504,2,30,133 14.2
195504,2,36,132 14.5
195504,2,42,130.5 15
195504,2,48,129 15.3
195504,2,54,127.7 15.7
195504,2,60,126.7 16.3
195504,2,66,126 17.2
195504,2,72,125.4 18.3
195504,2,78,124.8 19.9
195504,2,84,123.7 21.3
195504,2,90,122.6 22.1
195504,2,96,121.4 22.8
195504,2,102,120.4 23.4
195504,2,108,119.4 24
195504,2,114,118.5 24.6
195504,2,120,117.7 25.2
195504,2,126,117.2 25.7
195504,2,132,116.9 26
195504,2,138,116.6 26.3
195504,2,144,116.3 26.6
195504,2,150,116.1 26.9
195504,2,156,116 27.3
195504,2,162,115.9 27.7
195504,2,168,115.9 28.1
195504,2,174,116 28.5
195504,2,180,116.1 29
195504,2,186,116.4 29.6
195504,2,192,116.9 30.5
195504,2,198,117.8 31.6
195504,2,204,118.9 32.9
195504,2,210,120.6 34.9
195504,2,216,122.2 36.9
195504,2,222,123.5 38
195504,2,228,124.7 39
195504,2,234,126.1 39.9
195504,2,240,127.4 40.6
195504,2,246,128.9 41
195504,2,252,130.3 40.5
195504,2,258,131 40.1
195504,2,264,130.9 39.5
195504,2,270,130.3 38.6
195504,2,276,129.2 37.8
195504,2,282,127.5 37.1
195504,2,288,126 37
195504,2,294,125.4 37
195504,2,300,124.9 37
195504,2,306,124.5 37
195504,2,312,124 37
195504,2,318,123.7 37.2
196002,2,0,123.8 13
196002,2,6,122 13
196002,2,12,119 13.8
196002,2,18,117.7 14.2
196002,2,24,116.5 14.5
196002,2,30,115.2 14.4
196002,2,36,114 14.8
196002,2,42,112.5 15.2
196002,2,48,111 14.9
196002,2,54,109.5 14.7
196002,2,60,108 14.7
196002,2,66,106.8 15
196002,2,72,105.7 15.2
196002,2,78,104.5 15.1
196002,2,84,103.2 14.8
196002,2,90,101.9 14.7
196002,2,96,100.5 14.7
196002,2,102,98.9 15.1
196002,2,108,97.3 15.6
196002,2,114,96 15.9
196002,2,120,94.8 16.2
196002,2,126,93.5 16.4
196002,2,132,92.2 16.5
196002,2,138,90.7 16.3
196002,2,144,89.4 16.5
196002,2,150,88.4 17.3
196002,2,156,87.5 18
196002,2,162,86.3 18
196204,2,0,131.1 14.5
196204,2,6,129.5 14.8
196204,2,12,127.7 15
196204,2,18,126 15.2
196204,2,24,124.4 15.5
196204,2,30,122.8 15.8
196204,2,36,121.2 16.3
196204,2,42,120.1 16.9
196204,2,48,119.3 17.4
196204,2,54,118.8 17.8
196204,2,60,118 19
196204,2,66,117.4 20.3
196204,2,72,117.2 21.3
196204,2,78,116.8 21.8
196204,2,84,116.2 22.5
196204,2,90,115.6 22.8
196204,2,96,114.9 23.1
196204,2,102,114.4 23.3
196204,2,108,113.7 23.6
196204,2,114,113 23.9
196204,2,120,112.7 24.1
196204,2,126,111.9 24.3
196204,2,132,111.1 24.8
196204,2,138,110.6 25.5
196204,2,144,110.2 26.4
196204,2,150,110.2 27.2
196204,2,156,110.4 28
196204,2,162,110.4 29.2
196204,2,168,111.4 31
196204,2,174,111.9 32.8
196204,2,180,112.5 34.5
196204,2,186,113.7 37.1
196204,2,192,114.6 39.1
196204,2,198,113.4 42.2
196204,2,204,113.1 42.7
196204,2,210,113.5 43.5
196204,2,216,115.2 44.1
196204,2,222,117.2 44.7
196204,2,228,119.7 45.1
196204,2,234,122.3 45.5
196204,2,240,125.1 46
196306,2,0,128 11
196306,2,6,127 11.5
196306,2,12,126 12.1
196306,2,18,124.7 12.5
196306,2,24,123.5 12.9
196306,2,30,121.8 13.2
196306,2,36,120.4 13.7
196306,2,42,119.4 13.9
196306,2,48,118.4 14.4
196306,2,54,117.3 14.7
196306,2,60,115.9 15
196306,2,66,114.6 15.3
196306,2,72,113.1 15.8
196306,2,78,112.7 16.8
196306,2,84,112.5 17.8
196306,2,90,111 18.1
196306,2,96,110.7 18.7
196306,2,102,110.1 19.5
196306,2,108,109.5 20.2
196306,2,114,109.1 20.7
196306,2,120,108.5 21.3
196306,2,126,108 21.8
196306,2,132,107.7 22.6
196306,2,138,108 23.1
196308,2,0,108 21
196308,2,6,108.1 21.8
196308,2,12,108.2 22.5
196308,2,18,108.3 23.3
196308,2,24,108.4 24
196308,2,30,108.5 24.8
196308,2,36,108.6 25.5
196308,2,42,108.7 26.3
196308,2,48,108.8 27
196308,2,54,108.8 27.8
196308,2,60,108.8 28.5
196308,2,66,108.7 29.5
196308,2,72,108.2 30.8
196308,2,78,107.4 32.2
196308,2,84,106.5 33.4
196308,2,90,105.7 33.6
196308,2,96,105 33.5
196308,2,102,104.5 33.8
196308,2,108,104.5 34
196308,2,114,105 34.2
196308,2,120,105.5 34
196308,2,126,105.8 33.6
196308,2,132,106 33
196308,2,138,105.6 32.2
196308,2,144,105.2 31.5
196308,2,150,104.7 30.8
196308,2,156,104 30.3
196308,2,162,103.1 29.6
196308,2,168,102.3 28.9
196308,2,174,101.8 28.8
196308,2,180,101.5 28.8
196308,2,186,101 29
196308,2,192,100.4 29.4
196308,2,198,100.3 29.8
196308,2,204,100.4 30.3
196308,2,210,100.3 31.1
196308,2,216,100.4 31.8
196308,2,222,101 32.1
196308,2,228,101.9 32.4
196308,2,234,102.7 33.2
196308,2,240,103.1 33.2
196308,2,246,103.5 32.9
196308,2,252,104 33
196308,2,258,104.1 32.9
196308,2,264,104.7 32.9
196308,2,270,105.4 32.7
196308,2,276,106.6 32.6
196308,2,282,107.1 33.2
196308,2,288,107.7 33.9
196308,2,294,108.5 35.1
196308,2,300,109.7 36.3
196308,2,306,111.2 37.8
196308,2,312,112.8 40.8
196308,2,318,114 44
196308,2,324,116 47
196308,2,330,117 49
196504,2,0,159.9 13.3
196504,2,6,158 13
196504,2,12,156.2 12.7
196504,2,18,154.4 12.5
196504,2,24,152.6 12.3
196504,2,30,150.8 12.3
196504,2,36,149.3 12.4
196504,2,42,148.1 12.6
196504,2,48,146.9 12.9
196504,2,54,145.7 13.2
196504,2,60,144.4 13.5
196504,2,66,143.2 14
196504,2,72,142.1 14.8
196504,2,78,141.3 15.5
196504,2,84,140.8 16.3
196504,2,90,140.4 17
196504,2,96,140 17.9
196504,2,102,139.7 18.9
196504,2,108,139.4 19.7
196504,2,114,139.2 20.4
196504,2,120,139.1 21.5
196504,2,126,139 23
196504,2,132,138.9 24.9
196504,2,138,138.8 26.8
196504,2,144,138.6 28.8
196504,2,150,138.2 30.8
196504,2,156,137.8 32.4
196504,2,162,137.4 33.3
196504,2,168,137.1 33.9
196504,2,174,137 34.4
196504,2,180,137 34.8
196504,2,186,137.1 35.1
196504,2,192,137.4 35.2
196504,2,198,137.7 35.2
196504,2,204,138 35.1
196504,2,210,138.3 34.9
196504,2,216,138.6 34.4
196504,2,222,138.9 34
196504,2,228,139 33.8
196504,2,234,139 33.5
196504,2,240,139 33.3
196504,2,246,139 33
196504,2,252,138.8 32.7
196504,2,258,138.5 32.6
196504,2,264,138.2 32.8
196504,2,270,138.1 33.1
196504,2,276,138.1 33.4
196504,2,282,138.2 33.7
196504,2,288,138.2 34
196504,2,294,138.3 34.6
196504,2,300,139.1 35.6
196504,2,306,140.7 36.6
196504,2,312,142.4 37.6
196504,2,318,144.6 38.7
196504,2,324,147.1 40.1
196504,2,330,149.8 41.5
196504,2,336,152.6 42.7
196504,2,342,155.3 42.8
196504,2,348,158 41.8
196504,2,354,160.3 40.7
196504,2,360,162.2 39.8
196504,2,366,164 38.8
196504,2,372,165.8 37.6
196914,2,0,112 20.5
196914,2,6,110.8 20.7
196914,2,12,110 20.9
196914,2,18,109.2 21.1
196914,2,24,108 21.3
196914,2,30,106.8 22.5
196914,2,36,106.4 23.5
196914,2,42,106.3 24.7
196914,2,48,106.4 25.7
196914,2,54,106.7 27.2
196914,2,60,107.2 27.9
196914,2,66,107.6 28.4
196914,2,72,107.9 28.7
196914,2,78,108.7 29.5
196914,2,84,109.5 29.9
196914,2,90,110.2 30.7
196914,2,96,110.2 32.4
196914,2,102,109.8 34
196914,2,108,109.4 34.5
196914,2,114,109.3 34.8
196914,2,120,108.1 34.9
196914,2,126,108.6 34.2
196914,2,132,108.5 33.6
196914,2,138,108.6 33.3
196914,2,144,107.2 32.7
196914,2,150,106.2 31.9
196914,2,156,105.3 31
196914,2,162,105 31.4
196914,2,168,104.3 32
196914,2,174,103.7 31.3
196914,2,180,104.6 31.4
196914,2,186,105.5 32.2
196914,2,192,106.5 32.7
196914,2,198,107.6 33.3
196914,2,204,108.8 33.7
196914,2,210,110 34.3
196914,2,216,111.2 34.8
196914,2,222,112.8 35.7
196914,2,228,115.2 36.9
196914,2,234,117.3 38.2
196914,2,240,119.8 39.6
196914,2,246,123.7 41.1
196914,2,252,129.2 43.3
196914,2,258,134.7 45.2
196914,2,264,140 46.1
196914,2,270,144.9 46.2
196914,2,276,149.7 46
196914,2,282,152 45.8
197606,2,0,132 14
197606,2,6,130.7 14
197606,2,12,129.4 14
197606,2,18,128.2 14.1
197606,2,24,127.2 14.4
197606,2,30,126.5 14.8
197606,2,36,125.8 15.2
197606,2,42,124.8 15.8
197606,2,48,124 16.2
197606,2,54,122.8 17
197606,2,60,121.4 17.8
197606,2,66,120 18.6
197606,2,72,119 19.4
197606,2,78,118 20.2
197606,2,84,116.8 21.3
197606,2,90,116 22.7
197606,2,96,115.5 23.8
197606,2,102,115.2 24.5
197606,2,108,115.8 25.3
197606,2,114,116.6 26
197606,2,120,117.9 26.5
197606,2,126,119.6 26.6
197606,2,132,121 26.8
197606,2,138,122.2 27
197606,2,144,123.8 27.2
197606,2,150,125.2 27.7
197606,2,156,126.4 28.9
197606,2,162,126.6 29.8
197606,2,168,126.3 30.9
197606,2,174,126 31.8
197606,2,180,124.8 32.5
197606,2,186,124 33
197606,2,192,123.4 33.5
197606,2,198,122.8 34
197606,2,204,122.6 34.4
197606,2,210,122.6 34.8
197606,2,216,123.2 35
197606,2,222,124.5 35
197606,2,228,125.5 35
197606,2,234,126.7 35
197606,2,240,128 34.9
197606,2,246,129.5 34.9
197606,2,252,131.3 34.9
197606,2,258,133.2 34.9
197606,2,264,135.1 35.1
197606,2,270,137.2 35.2
197606,2,276,139.5 35.5
197606,2,282,141.5 35.4
197606,2,288,143.4 35.1
197606,2,294,145.2 34.8
197606,2,300,146.8 34
197606,2,306,148 33.6
197606,2,312,149.5 33.6
197606,2,318,150.6 34.2
197606,2,324,151.3 35.2
197606,2,330,151.7 36.2
197606,2,336,152 37.2
197606,2,342,152.8 38
197606,2,348,153.2 38.8
197606,2,354,154.2 39.6
197606,2,360,155 40.5
197606,2,366,156 41
198002,2,0,144.5 12.7
198002,2,6,143.4 13.5
198002,2,12,142.7 14.7
198002,2,18,142.5 15.7
198002,2,24,142.2 16.7
198002,2,30,142.1 17.7
198002,2,36,141.9 18.8
198002,2,42,141.5 20.4
198002,2,48,141.3 22
198002,2,54,141.1 23.7
198002,2,60,140.9 24.8
198002,2,66,140.6 25.8
198002,2,72,140.3 27
198002,2,78,140 28
198002,2,84,139.7 29
198002,2,90,139.5 30
198002,2,96,139.5 31.1
198002,2,102,139.5 32.4
198002,2,108,139.5 34
198002,2,114,139.5 35.9
198002,2,120,139.8 38.2
198002,2,126,140.2 41.9
198002,2,132,141.6 46.5
198002,2,138,144 51
198009,2,0,160 33.6
198009,2,6,159.3 33.7
198009,2,12,158.5 33.8
198009,2,18,157.8 34.1
198009,2,24,157.2 34.5
198009,2,30,156.7 35
198009,2,36,156.3 35.7
198009,2,42,156.2 36.5
198009,2,48,156.5 37.2
198009,2,54,156.9 37.8
198009,2,60,157.5 38.7
198009,2,66,158.6 38.5
198009,2,72,158.2 37.7
198009,2,78,157.3 37
198009,2,84,156.5 36.5
198009,2,90,155.4 35.6
198009,2,96,154.3 34.4
198009,2,102,153.2 33.4
198009,2,108,151.7 32.4
198009,2,114,150.4 31.3
198009,2,120,149.5 30.1
198009,2,126,148.9 29.1
198009,2,132,148.7 28.4
198009,2,138,148.9 28.1
198009,2,144,149.3 28
198009,2,150,149.4 28.5
198009,2,156,148.3 29.5
198009,2,162,147.3 29.8
198009,2,168,145.6 30
198009,2,174,143.8 30.6
198009,2,180,142.6 31.3
198009,2,186,141 31.5
198009,2,192,139.5 31.7
198009,2,198,139 32.3
198009,2,204,138.9 33.2
198009,2,210,138.8 33.8
198009,2,216,139.3 34.9
198009,2,222,140 36.2
198009,2,228,140.9 37.8
198009,2,234,142.1 39.7
198009,2,240,143.9 42
198009,2,246,145.9 44.4
198009,2,252,148.5 46.8
198009,2,258,152.5 49.7
198009,2,264,155.5 52.5
198107,2,0,126 14.8
198107,2,6,124.3 14.9
198107,2,12,122.6 15.1
198107,2,18,121 15.3
198107,2,24,119.4 15.6
198107,2,30,117.7 16.1
198107,2,36,116 16.8
198107,2,42,114.6 17.8
198107,2,48,113.1 18.9
198107,2,54,111.7 19.6
198107,2,60,110 20.3
198107,2,66,108.3 21.3
198107,2,72,107.2 22.1
198107,2,78,106.3 22.7
198107,2,84,105.5 23.7
198107,2,90,105.6 24.8
198107,2,96,106.1 26.3
198107,2,102,107 27.7
198107,2,108,108 29
198107,2,114,109.1 30.2
198107,2,120,110.4 31.5
198107,2,126,111.5 32.5
198107,2,132,112.9 33.4
198107,2,138,114.4 34.1
198107,2,144,116.5 34.9
198107,2,150,119.3 35.8
198107,2,156,123 36.8
198107,2,162,126.8 37.7
198107,2,168,130.6 38.3
198107,2,174,134.4 38.8
198107,2,180,138.1 39.2
198107,2,186,141.4 39.6
198107,2,192,144.7 39.9
198107,2,198,147 40.1
198107,2,204,149.3 40.3
198107,2,210,151.8 40.5
198905,2,0,157.6 14.3
198905,2,6,156.2 15.2
198905,2,12,154.8 16.2
198905,2,18,153.5 17
198905,2,24,152.2 17.4
198905,2,30,150.6 17.7
198905,2,36,148.9 18.1
198905,2,42,147.3 18.5
198905,2,48,145.7 19.1
198905,2,54,144.4 19.6
198905,2,60,143.1 20.1
198905,2,66,141.7 20.6
198905,2,72,140.3 21.1
198905,2,78,138.9 22
198905,2,84,137.9 23.3
198905,2,90,137.2 24.7
198905,2,96,136.7 26.2
198905,2,102,136.2 27.6
198905,2,108,135.5 28.8
198905,2,114,134.8 29.7
198905,2,120,134.1 30.3
198905,2,126,133.7 30.9
198905,2,132,133.8 31.5
198905,2,138,134 32
198905,2,144,134.4 32.6
198905,2,150,134.8 33.3
198905,2,156,135.5 34.1
198905,2,162,136.4 35.1
198905,2,168,137.6 36.3
198905,2,174,138.9 37.6
198905,2,180,140.3 39
198905,2,186,141.7 40.6
198905,2,192,142.8 42.3
198905,2,198,143.8 44.4
198905,2,204,144.9 47
198905,2,210,146.5 49.5
198905,2,216,148.2 51.9
199811,2,0,114.6 33.3
199811,2,6,117.2 33.2
199811,2,12,119.3 33.2
199811,2,18,120.8 32.9
199811,2,24,121.9 32.5
199811,2,30,122.8 32
199811,2,36,123.8 31.4
199811,2,42,124.9 30.8
199811,2,48,126 30.4
199811,2,54,127.1 30.3
199811,2,60,128.2 30.5
199811,2,66,129 31.1
199811,2,72,130.1 31.8
199811,2,78,131.2 32.6
199811,2,84,132.7 33.9
199811,2,90,134.8 35.5
199811,2,96,137.5 37.4
199811,2,102,141 39.1
199811,2,108,145.3 40.4
199811,2,114,150 41.5
199811,2,120,155 42
199811,2,126,160 43
199811,2,132,164 46
199811,2,138,166 48
199811,2,144,169 49
199811,2,150,172 49
199910,2,0,129.2 9.8
199910,2,6,128.2 10.3
199910,2,12,127.2 10.9
199910,2,18,126.1 11.5
199910,2,24,124.9 12.2
199910,2,30,123.9 12.9
199910,2,36,122.9 13.5
199910,2,42,121.9 14.1
199910,2,48,121.1 14.9
199910,2,54,120.5 15.7
199910,2,60,119.8 16.3
199910,2,66,118.9 16.8
199910,2,72,118 17.2
199910,2,78,117.3 17.6
199910,2,84,116.2 18.1
199910,2,90,115.2 18.5
199910,2,96,114.7 19
199910,2,102,114.2 19.4
199910,2,108,113.9 19.9
199910,2,114,114.1 20.5
199910,2,120,114.4 21.1
199910,2,126,114.8 22
199910,2,132,115.2 23
199910,2,138,115.7 24
199910,2,144,116.2 25.2
199910,2,150,116.9 26.6
199910,2,156,117.8 28
199910,2,162,118.9 29.7
199910,2,168,120.2 32.2
199910,2,174,121.9 34.9
199910,2,180,124.2 37.9
199910,2,186,128.2 40
200108,2,0,115.8 25.1
200108,2,6,115 25.8
200108,2,12,114.5 26.5
200108,2,18,114.1 27.2
200108,2,24,113.7 27.9
200108,2,30,113.3 28.6
200108,2,36,113 29.3
200108,2,42,112.7 30.1
200108,2,48,112.5 31
200108,2,54,112.6 31.9
200108,2,60,112.9 32.8
200108,2,66,113.2 33.8
200108,2,72,113.7 35
200108,2,78,114.6 35.9
200108,2,84,115.7 36.8
200108,2,90,116.6 37.7
200108,2,96,117.6 38.5
200108,2,102,118.4 39.2
200108,2,108,119.3 39.6
200108,2,114,119.7 40.4
200108,2,120,120.8 41
200108,2,126,122.5 41.8
200108,2,132,125.4 42.2
200108,2,138,128.7 42.4
200108,2,144,132.5 42.2
200108,2,150,135.5 41.5
200310,2,0,117.6 28.2
200310,2,6,117.8 28.3
200310,2,12,118 28.4
200310,2,18,118.3 28.8
200310,2,24,118.6 29.2
200310,2,30,118.4 30.4
200310,2,36,118.2 30.9
200310,2,42,118.2 31.1
200310,2,48,118 31.8
200310,2,54,118 32.5
200310,2,60,118 33.3
200310,2,66,117.8 34.4
200310,2,72,117.2 35.2
200310,2,78,116.8 35.5
200310,2,84,116.4 36.3
200310,2,90,116 37.1
200310,2,96,115.9 38.5
200310,2,102,115.9 40.2
200310,2,108,116.1 42.8
200310,2,114,116.2 46
200310,2,120,117.6 49.8
200804,2,0,96.4 17.8
200804,2,6,95.4 18.6
200804,2,12,94.2 19.8
200804,2,18,92.8 20.9
200804,2,24,91.2 21.8
200804,2,30,89.6 22.8
200804,2,36,88 23
200804,2,42,86.7 23.2
200804,2,48,85.9 23.7
200804,2,54,85.1 24.3
200804,2,60,84.3 24.9
200804,2,66,83.8 25.4
200804,2,72,83.2 26
200804,2,78,82.8 26.4
200804,2,84,82.2 26.5
200804,2,90,81.7 26.7
200804,2,96,81.1 27.2
200804,2,102,80 27.9
200804,2,108,78.6 28.3
200804,2,114,77.3 28.5
200804,2,120,76 28.8
200804,2,126,75 29.4
200804,2,132,74.3 30
200804,2,138,74 30.5
200804,2,144,73.7 31
200804,2,150,73.3 31.9
200804,2,156,73.7 32.9
195002,3,0,125 16.3
195002,3,6,123.5 16.5
195002,3,12,122.6 16.5
195002,3,18,121.7 16.6
195002,3,24,120.8 16.6
195002,3,30,120 16.7
195002,3,36,119.3 16.6
195002,3,42,118.7 16.5
195002,3,48,118.2 16.6
195002,3,54,117.6 16.7
195002,3,60,116.9 16.8
195002,3,66,116 17
195002,3,72,115 17.3
195002,3,78,114 17.6
195002,3,84,113 18
195002,3,90,111.7 18.6
195002,3,96,110 19.4
195002,3,102,108.3 20.3
195002,3,108,106.6 20.9
195002,3,114,104.9 21.3
195002,3,120,103 21.6
195002,3,126,101.6 21.8
195002,3,132,100.7 21.8
195002,3,138,99.9 21.7
195002,3,144,99 21.8
195002,3,150,98.2 21.8
195002,3,156,97.4 21.9
195002,3,162,96.7 22
195002,3,168,95.9 22.1
195002,3,174,95.2 22.2
195002,3,180,94.4 22.3
195002,3,186,93.6 22.6
195002,3,192,92.8 22.9
195002,3,198,92.3 23.2
195002,3,204,92 23.4
195002,3,210,91.7 23.6
195002,3,216,91.4 23.9
195002,3,222,91.1 24.4
195002,3,228,90.9 25
195002,3,234,90.8 25.6
195002,3,240,90.7 26.3
195002,3,246,90.8 27.2
195002,3,252,91.3 28.2
195002,3,258,91.9 29.4
195002,3,264,92.2 30.8
195002,3,270,92.1 32.2
195002,3,276,91.9 33.2
195002,3,282,91.5 34.3
195002,3,288,91.1 35.2
195002,3,294,90.7 36
195002,3,300,90.1 37
195003,3,0,156 13.1
195003,3,6,154.6 12.4
195003,3,12,153 11.8
195003,3,18,151.2 11.2
195003,3,24,149.4 10.7
195003,3,30,148 10.4
195003,3,36,146.8 10.3
195003,3,42,145.6 10.2
195003,3,48,144.4 10.2
195003,3,54,143.1 10.3
195003,3,60,141.8 10.3
195003,3,66,140.9 10.4
195003,3,72,140 10.5
195003,3,78,139 10.6
195003,3,84,138 10.8
195003,3,90,137.3 11
195003,3,96,136.6 11.4
195003,3,102,135.9 12.2
195003,3,108,135.1 13.2
195003,3,114,134.2 14.4
195003,3,120,133.3 15.5
195003,3,126,132.6 16.4
195003,3,132,132 17.2
195003,3,138,131.3 18.1
195003,3,144,130.5 19
195003,3,150,129 20.4
195003,3,156,127.2 22
195003,3,162,125.7 23.4
195003,3,168,124.5 24.7
195003,3,174,123.6 25.5
195003,3,180,122.9 26.2
195003,3,186,122.3 27.7
195003,3,192,122 29.2
195003,3,198,122.2 30.3
195003,3,204,122.7 31.3
195003,3,210,123.4 32.3
195003,3,216,124.2 33.2
195003,3,222,125.4 32.8
195003,3,228,124.6 32.2
195003,3,234,123.8 32.4
195003,3,240,122.9 32.6
195003,3,246,122.3 32.7
195003,3,252,121.8 32.7
195003,3,258,121.4 32.8
195003,3,264,121 32.9
195003,3,270,120.5 33
195003,3,276,119.9 33
195003,3,282,119.3 33.1
195003,3,288,118.8 33.3
195003,3,294,118.3 34.1
195003,3,300,118.3 35
195003,3,306,118.7 35.7
195003,3,312,119.2 36.3
195003,3,318,119.5 36.6
195003,3,324,119.9 36.9
195003,3,330,120.5 37.3
195003,3,336,121.2 37.8
195003,3,342,121.9 38.4
195003,3,348,123.2 39.7
195003,3,354,125.3 41.7
195003,3,360,127.5 43.7
195005,3,0,95.9 19.1
195005,3,6,96.5 20.2
195005,3,12,96.6 20.4
195005,3,18,96.8 20.6
195005,3,24,97 20.8
195005,3,30,97.2 21
195005,3,36,97.5 21.4
195005,3,42,97.8 22
195005,3,48,98 22.8
195005,3,54,98 23.7
195005,3,60,97.6 24.9
195005,3,66,97.2 26
195005,3,72,96.8 26.9
195005,3,78,96.8 27.4
195005,3,84,96.2 28
195005,3,90,96.9 27.9
195005,3,96,97.1 28.3
195005,3,102,97.4 28.7
195005,3,108,97 29
195005,3,114,97.4 28.3
195005,3,120,97.8 28.2
195005,3,126,98.2 28.3
195005,3,132,98.5 28.6
195005,3,138,98.8 29.3
195005,3,144,98.3 30
195005,3,150,97 31.2
195005,3,156,95.5 32.4
195005,3,162,94.1 33.4
195005,3,168,93 34.1
195005,3,174,92.3 34.6
195005,3,180,91.9 34.8
195005,3,186,91.4 35
195005,3,192,90.8 35.3
195005,3,198,90.3 35.6
195005,3,204,89.8 35.9
195011,3,0,95.8 16
195011,3,6,96.1 16
195011,3,12,96.6 16
195011,3,18,97 16
195011,3,24,97.3 16
195011,3,30,97.6 16.2
195011,3,36,98.2 16.5
195011,3,42,98.8 16.8
195011,3,48,99.2 17
195011,3,54,99.6 17.3
195011,3,60,100 17.7
195011,3,66,100.4 18.2
195011,3,72,100.9 18.9
195011,3,78,101.3 19.6
195011,3,84,101.5 20.2
195011,3,90,101.5 20.9
195011,3,96,101.4 21.9
195011,3,102,101 23
195011,3,108,100.7 23.8
195011,3,114,100.3 24.7
195011,3,120,99.8 25.8
195011,3,126,99.2 27
195011,3,132,98.5 28.6
195011,3,138,97.6 30
195011,3,144,96.5 31.1
195011,3,150,95.4 32.1
195104,3,0,154.4 12.3
195104,3,6,153.4 12.3
195104,3,12,152.4 12.3
195104,3,18,151.3 12.2
195104,3,24,150.2 12.1
195104,3,30,149 12
195104,3,36,147.7 12
195104,3,42,146.4 12
195104,3,48,145.1 12
195104,3,54,143.7 12.1
195104,3,60,142 12.2
195104,3,66,140.3 12.4
195104,3,72,138.7 12.7
195104,3,78,137 13
195104,3,84,135.3 13.2
195104,3,90,133.5 13.4
195104,3,96,131.6 13.7
195104,3,102,129.8 14
195104,3,108,128.3 14
195104,3,114,126.8 14
195104,3,120,125.3 14.1
195104,3,126,123.8 14.1
195104,3,132,122.4 14.1
195104,3,138,121.2 14.1
195104,3,144,120 14.1
195104,3,150,118.7 14.1
195104,3,156,117.2 14.2
195104,3,162,115.6 14.3
195104,3,168,114.1 14.4
195104,3,174,112.6 14.6
195104,3,180,110.3 14.7
195104,3,186,108.2 14.8
195104,3,192,106.9 14.9
195104,3,198,105.7 15.1
195104,3,204,104.6 15.3
195104,3,210,103.5 15.4
195104,3,216,102.2 15.6
195104,3,222,100.9 15.7
195104,3,228,97.6 16.1
195203,3,0,121.6 16.7
195203,3,6,121.3 17.3
195203,3,12,121 17.8
195203,3,18,120.7 18.2
195203,3,24,120.5 18.6
195203,3,30,120.2 19
195203,3,36,119.7 19.9
195203,3,42,119 21
195203,3,48,118.1 21.9
195203,3,54,117 22.8
195203,3,60,115.8 23.7
195203,3,66,114.7 24.5
195203,3,72,113.6 25.2
195203,3,78,112.6 25.9
195203,3,84,111.6 26.8
195203,3,90,110.6 27.7
195203,3,96,109.8 28.7
195203,3,102,109.3 29.7
195203,3,108,108.9 30.7
195203,3,114,108.7 31.6
195203,3,120,108.8 32.4
195203,3,126,109 33
195203,3,132,109.4 33.5
195203,3,138,109.8 33.9
195203,3,144,110.1 34.3
195203,3,150,110.4 34.8
195203,3,156,111.4 35.8
195203,3,162,112.9 36.9
195203,3,168,114.3 38
195203,3,174,116 39
195203,3,180,118.9 40.4
195203,3,186,122.6 42.5
195203,3,192,128.3 45.6
195203,3,198,130.7 47.8
195203,3,204,132.3 50
195203,3,210,133 52
195203,3,216,133.5 53.9
195203,3,222,134.1 55.8
195203,3,228,134.2 57.6
195204,3,0,117.8 14.4
195204,3,6,115.1 15.1
195204,3,12,114.1 15.4
195204,3,18,113.2 16
195204,3,24,112.4 16.8
195204,3,30,111.6 17.7
195204,3,36,110.9 18.5
195204,3,42,110.2 19.3
195204,3,48,109.4 20.2
195204,3,54,108.6 21.2
195204,3,60,107.8 22.2
195204,3,66,107 23.3
195204,3,72,106.2 24.5
195204,3,78,105.3 25.6
195204,3,84,104.9 26.5
195204,3,90,105 27.3
195204,3,96,105.2 28.2
195204,3,102,105.9 29.1
195204,3,108,107.6 30.3
195204,3,114,109.4 31.7
195204,3,120,110.5 32.6
195204,3,126,111.9 33.6
195204,3,132,114.3 35.2
195204,3,138,116.8 36.9
195204,3,144,119.2 38.4
195204,3,150,121.4 39.5
195204,3,156,123.1 40
195204,3,162,124.5 40.3
195204,3,168,125.9 40.7
195204,3,174,127.3 40.8
195204,3,180,129 40.5
195204,3,186,130.6 40.2
195204,3,192,131.8 39.8
195204,3,198,133 39.5
195204,3,204,134.5 39.2
195204,3,210,136 39.7
195204,3,216,137.5 40.6
195204,3,222,138.9 42.2
195305,3,0,114.1 20.3
195305,3,6,113.3 20
195305,3,12,112.5 19.4
195305,3,18,111.8 19.5
195305,3,24,111.1 20.1
195305,3,30,110.6 20.7
195305,3,36,110.2 21.3
195305,3,42,109.9 22
195305,3,48,109.7 22.8
195305,3,54,109.5 23.7
195305,3,60,109.4 24.9
195305,3,66,109.5 26.1
195305,3,72,110 27.6
195305,3,78,111 29
195305,3,84,112.4 30.4
195305,3,90,114.1 31.8
195305,3,96,116 33.3
195305,3,102,118.2 34.9
195305,3,108,121.1 36.8
195305,3,114,124.4 38.8
195305,3,120,128.4 40.4
195305,3,126,132 41.7
195305,3,132,134.3 42.5
195305,3,138,136.3 42.9
195305,3,144,138.2 43
195305,3,150,140 43
195305,3,156,141.4 43
195305,3,162,142.7 43
195305,3,168,143.8 43
195305,3,174,145 42.9
195305,3,180,148.1 42.6
195305,3,186,151.7 42.3
195305,3,192,153.9 42.1
195305,3,198,156.2 42
195305,3,204,158.8 41.9
195305,3,210,161.4 41.8
195305,3,216,164.1 41.8
195305,3,222,166.8 41.8
195305,3,228,169.5 42
195306,3,0,118.3 16
195306,3,6,117.6 17
195306,3,12,116.9 17.9
195306,3,18,115.8 18.9
195306,3,24,114.4 19.9
195306,3,30,113 20.9
195306,3,36,111.7 21.9
195306,3,42,110.5 22.9
195306,3,48,109.5 23.9
195306,3,54,108.9 24.8
195306,3,60,108.8 26.3
195306,3,66,109.2 28
195306,3,72,109.6 28.8
195306,3,78,110.3 29.5
195306,3,84,111.7 30.8
195306,3,90,113.8 32.6
195306,3,96,116.4 34.8
195306,3,102,119.8 37
195306,3,108,123.9 39.2
195306,3,114,128.9 41.4
195306,3,120,134 43
195306,3,126,139 44.3
195306,3,132,144 46.2
195306,3,138,149.1 48.1
195306,3,144,154 49.7
195306,3,150,158.7 51.3
195306,3,156,163.3 52.4
195503,3,0,137 17
195503,3,6,136 17.1
195503,3,12,134.9 17.2
195503,3,18,133.9 17.3
195503,3,24,133.1 17.5
195503,3,30,132.2 17.7
195503,3,36,131 17.9
195503,3,42,129.8 18
195503,3,48,128.6 18.2
195503,3,54,127.4 18.5
195503,3,60,125.7 18.9
195503,3,66,124.1 19.3
195503,3,72,123 19.8
195503,3,78,122 20.3
195503,3,84,121.1 21.1
195503,3,90,120.2 22
195503,3,96,119.6 22.7
195503,3,102,119.2 23.3
195503,3,108,118.9 23.6
195503,3,114,118.9 24
195503,3,120,119 24.7
195503,3,126,119.2 25.3
195503,3,132,119.3 25.9
195503,3,138,119.5 26.4
195503,3,144,119.5 26.9
195503,3,150,119 27.4
195503,3,156,117.8 27.4
195503,3,162,116.6 27.2
195503,3,168,115.6 27.3
195503,3,174,114.6 27.4
195503,3,180,113.3 27.6
195503,3,186,111.9 28
195503,3,192,110.6 28.5
195503,3,198,109.4 29.1
195503,3,204,108 29.6
195503,3,210,106.6 30.2
195503,3,216,105.7 30.7
195503,3,222,105 31.2
195503,3,228,104 32
195503,3,234,103.1 32.8
195503,3,240,102.5 33.5
195503,3,246,102 34.3
195503,3,252,101.5 35.4
195503,3,258,101 36.6
195503,3,264,101 37.7
195503,3,270,101.9 38.8
195503,3,276,103.2 39.6
195503,3,282,104.7 40.2
195503,3,288,106.3 40.7
195503,3,294,107.9 41
195503,3,300,109.6 41.3
195503,3,306,111.4 41.5
195503,3,312,113.4 41.8
195503,3,318,116 42.1
195503,3,324,119.3 42.6
195503,3,330,123 43.3
195503,3,336,126.8 44.2
195503,3,342,130.7 45
195503,3,348,134.1 46.2
195508,3,0,118.7 16.8
195508,3,6,118.3 17.4
195508,3,12,117.7 18
195508,3,18,117.1 18.6
195508,3,24,115.9 18.9
195508,3,30,114.4 19.2
195508,3,36,113.2 19.5
195508,3,42,112 19.8
195508,3,48,110.9 20.1
195508,3,54,109.8 20.4
195508,3,60,108.7 20.4
195508,3,66,107.5 20.3
195508,3,72,106.4 20.2
195508,3,78,105.3 20.1
195508,3,84,103.8 20.1
195508,3,90,102.3 20.1
195508,3,96,100.8 19.9
195508,3,102,99.4 19.6
195508,3,108,97.9 19.4
195508,3,114,96.6 19.2
195508,3,120,95.6 19.1
195508,3,126,94.6 19.2
195508,3,132,93.6 19.4
195508,3,138,92.6 19.6
195508,3,144,91.6 19.9
195508,3,150,90.7 20.2
195508,3,156,89.8 20.6
195508,3,162,89 20.9
195508,3,168,88 21.1
195508,3,174,87.1 21.3
195508,3,180,86.4 21.4
195508,3,186,85.8 21.6
195508,3,192,85 21.8
195508,3,198,84.1 22
195508,3,204,83 22.2
195508,3,210,81.9 22.3
195508,3,216,81.2 22.2
195508,3,222,80.9 22
195508,3,228,80.5 21.8
195509,3,0,136.8 15.4
195509,3,6,135.8 15.4
195509,3,12,134.6 15.4
195509,3,18,133.3 15.3
195509,3,24,132 15.3
195509,3,30,130.7 15.2
195509,3,36,129.5 14.9
195509,3,42,128.3 14.7
195509,3,48,127.1 14.4
195509,3,54,125.9 14.2
195509,3,60,124.7 14.4
195509,3,66,123.5 15
195509,3,72,122.5 15.7
195509,3,78,121.8 16.4
195509,3,84,121.2 16.9
195509,3,90,120.7 17.4
195509,3,96,120.3 17.7
195509,3,102,119.8 18
195509,3,108,118.8 18.5
195509,3,114,117.7 19.3
195509,3,120,117.2 20.7
195509,3,126,116.7 22.1
195509,3,132,114.8 22.9
195509,3,138,112.9 23.4
195509,3,144,111.9 23.8
195509,3,150,110.9 24.2
195509,3,156,109.6 24.7
195509,3,162,108.6 25.2
195509,3,168,108 25.8
195509,3,174,107.3 26.5
195509,3,180,106.7 27.3
195509,3,186,106 28.1
195509,3,192,105.3 28.9
195509,3,198,104.7 29.8
195509,3,204,104.2 31.2
195509,3,210,103.8 32.8
195509,3,216,103.4 33.9
195509,3,222,103.3 34.8
195509,3,228,103.5 35.6
195509,3,234,104.6 36.4
195509,3,240,105.5 36.7
195509,3,246,106.6 37
195509,3,252,108.9 37.8
195509,3,258,112.2 39.4
195509,3,264,117.5 42.3
195509,3,270,120.6 45
195509,3,276,122.6 46.7
195509,3,282,124.2 48.4
195509,3,288,125.3 50.1
195509,3,294,127 51.8
195509,3,300,130.1 53.1
195509,3,306,133.2 53.4
195509,3,312,136.3 53.3
195509,3,318,139.4 53.1
195509,3,324,145 54.6
195509,3,330,150.7 57.2
195512,3,0,102.1 11.7
195512,3,6,102.3 12.1
195512,3,12,102.8 12.6
195512,3,18,103.3 13.2
195512,3,24,103.9 13.8
195512,3,30,104.7 14.3
195512,3,36,105.5 14.8
195512,3,42,106.3 15.3
195512,3,48,107.1 16.1
195512,3,54,107.8 17.1
195512,3,60,108.2 18.1
195512,3,66,108.7 19.3
195512,3,72,109.5 20.7
195512,3,78,110.2 22.1
195512,3,84,111 23.3
195512,3,90,111.7 24.7
195512,3,96,112.9 26.9
195512,3,102,114.6 29.5
195512,3,108,116.7 32
195512,3,114,119.5 34.5
195512,3,120,123.1 37.1
195512,3,126,127.6 39.7
195512,3,132,132.9 41.9
195603,3,0,132.8 13.5
195603,3,6,131.2 13.7
195603,3,12,129.8 13.9
195603,3,18,128.4 14
195603,3,24,127 14.1
195603,3,30,125.7 14.2
195603,3,36,124 14.4
195603,3,42,122.2 14.7
195603,3,48,120.9 14.9
195603,3,54,119.7 15.3
195603,3,60,118.2 16
195603,3,66,116.8 16.5
195603,3,72,115.6 17
195603,3,78,114.3 17.8
195603,3,84,112.8 18.8
195603,3,90,111.3 19.8
195603,3,96,110 20.9
195603,3,102,108.7 21.9
195603,3,108,107.5 22.8
195603,3,114,106.4 23.7
195603,3,120,105.2 24.6
195603,3,126,104 25.6
195603,3,132,103.3 26.5
195603,3,138,103.2 27.2
195603,3,144,103.2 27.8
195603,3,150,103.4 28.3
195603,3,156,103.9 28.8
195603,3,162,104.4 29.3
195603,3,168,105 29.8
195603,3,174,105.7 30.7
195603,3,180,106.7 32.2
195603,3,186,107.8 33.7
195603,3,192,109.1 35.1
195603,3,198,110.4 36.6
195603,3,204,111.9 38
195603,3,210,113.6 39.5
195603,3,216,115.3 40.8
195603,3,222,117.9 41.7
195603,3,228,121.4 42.4
195603,3,234,125 42.8
195603,3,240,128.3 43.1
195603,3,246,131.4 43.2
195603,3,252,134.9 43.1
195603,3,258,138.4 43.1
195804,3,0,106.4 25.2
195804,3,6,105.4 25.9
195804,3,12,104.7 26.4
195804,3,18,104.3 26.7
195804,3,24,104 27
195804,3,30,103.7 27.2
195804,3,36,103.5 27.4
195804,3,42,103.2 27.8
195804,3,48,103 28.1
195804,3,54,102.9 28.5
195804,3,60,103.1 28.8
195804,3,66,103.4 29.1
195804,3,72,103.8 29.4
195804,3,78,104.3 29.8
195804,3,84,104.9 30.4
195804,3,90,105.4 31.5
195804,3,96,105.8 33
195804,3,102,105.9 34.6
195804,3,108,106 36.2
195804,3,114,107.1 38
195804,3,120,109.2 39.8
195804,3,126,111.7 41.2
195804,3,132,115 42
195804,3,138,119.5 43
195804,3,144,123.9 42.2
195804,3,150,127.1 41.5
195804,3,156,130.4 41
195804,3,162,134.1 41
195804,3,168,137.8 41
195804,3,174,141.1 41.7
196101,3,0,119.8 11.5
196101,3,6,118 11.7
196101,3,12,116.2 11.9
196101,3,18,114.3 12.4
196101,3,24,112.8 13
196101,3,30,110.5 13.2
196101,3,36,108.5 13.4
196101,3,42,106.7 13.7
196101,3,48,105.3 13.7
196101,3,54,103.4 14
196101,3,60,101.8 14.5
196101,3,66,100.3 15.2
196101,3,72,98.6 15.2
196101,3,78,97.1 15.3
196101,3,84,95.7 15.8
196101,3,90,94.3 16
196101,3,96,93.6 16.1
196101,3,102,92.5 16.3
196101,3,108,91.7 16.6
196101,3,114,90.9 16.9
196104,3,0,155.9 15.1
196104,3,6,154.6 15.2
196104,3,12,153.3 15.4
196104,3,18,151.9 15.7
196104,3,24,150.6 16.1
196104,3,30,149.3 16.5
196104,3,36,148 17
196104,3,42,146.8 17.5
196104,3,48,145.5 18
196104,3,54,144.3 18.5
196104,3,60,143 19.1
196104,3,66,141.8 19.7
196104,3,72,140.6 20.4
196104,3,78,139.4 21.2
196104,3,84,138.2 22
196104,3,90,137 22.8
196104,3,96,135.9 23.8
196104,3,102,135 25
196104,3,108,134.3 26.6
196104,3,114,134.1 27.9
196104,3,120,134.1 29.3
196104,3,126,134.1 30.5
196104,3,132,134.1 31.5
196104,3,138,134.2 32.2
196104,3,144,134.4 33
196104,3,150,134.7 33.9
196104,3,156,134.9 34.7
196104,3,162,135.8 35.2
196104,3,168,136.9 35.5
196104,3,174,138.9 35.9
196104,3,180,141.1 36.2
196104,3,186,143.5 36.6
196104,3,192,145.9 37
196104,3,198,149 37.8
196104,3,204,153.6 39.5
196104,3,210,157.8 41.7
196104,3,216,161.8 44.6
196104,3,222,165.2 48
196104,3,228,168.4 51.9
196104,3,234,171.5 55.7
196107,3,0,123 16
196107,3,6,121.3 16.1
196107,3,12,120.5 16.2
196107,3,18,119.7 16.2
196107,3,24,118.9 16.2
196107,3,30,117.9 16
196107,3,36,116.9 15.9
196107,3,42,116 16.1
196107,3,48,115 16.2
196107,3,54,113.9 16.4
196107,3,60,112.9 17
196107,3,66,112.1 17.8
196107,3,72,111.4 18.5
196107,3,78,110.9 19.2
196107,3,84,110.3 20.6
196107,3,90,109.7 22
196107,3,96,109.3 23
196107,3,102,108.7 24.3
196107,3,108,108.4 25.4
196107,3,114,108.8 26.9
196107,3,120,108.9 27.4
196107,3,126,109.3 28.7
196107,3,132,109.7 29.2
196107,3,138,110.5 30
196107,3,144,111.2 30.5
196107,3,150,111.8 31.2
196107,3,156,112.6 32.2
196107,3,162,113.7 32.9
196107,3,168,114.9 34
196107,3,174,115.5 35.5
196107,3,180,115.8 36.6
196107,3,186,115.8 38.5
196107,3,192,115.3 39.2
196107,3,198,114.8 40.1
196107,3,204,114 41.2
196107,3,210,113.5 42.2
196107,3,216,112.6 43.1
196107,3,222,112.2 43.5
196107,3,228,114.2 44.4
196107,3,234,116 45
196107,3,240,120.8 46
196407,3,0,144.6 17.7
196407,3,6,143 18
196407,3,12,141.6 18.4
196407,3,18,140.1 18.8
196407,3,24,138.5 19.2
196407,3,30,137 19.5
196407,3,36,135.3 19.9
196407,3,42,133.6 20.3
196407,3,48,132.1 21.2
196407,3,54,130.5 22
196407,3,60,129 22.8
196407,3,66,127.5 23.5
196407,3,72,125.7 24.4
196407,3,78,124 25.3
196407,3,84,122.5 26.1
196407,3,90,121 26.9
196407,3,96,120.3 27.3
196407,3,102,119.7 27.5
196407,3,108,119.2 27.6
196407,3,114,118.8 27.6
196407,3,120,118.5 27.7
196407,3,126,117.6 27.7
196407,3,132,116.8 27.7
196407,3,138,116 27.6
196407,3,144,115.2 27.4
196407,3,150,114.4 27.2
196407,3,156,114 27.3
196407,3,162,113.8 27.4
196407,3,168,113.7 27.8
196407,3,174,113.5 28.2
196407,3,180,113.2 28.9
196407,3,186,113 29.7
196407,3,192,112.8 30.3
196407,3,198,112.7 31
196407,3,204,113.1 31.9
196407,3,210,113.9 32.9
196407,3,216,115.1 34
196407,3,222,116.9 35.5
196407,3,228,118.7 37
196407,3,234,120.6 38.4
196407,3,240,122.8 40
196407,3,246,125.2 41.5
196407,3,252,128.1 42.9
196407,3,258,131 44
196407,3,264,134.3 44.8
196407,3,270,137.8 45.2
196407,3,276,141.7 45.5
196407,3,282,145.2 45.8
196407,3,288,149.3 45.9
196411,3,0,100 13
196411,3,6,99.4 13.4
196411,3,12,98.7 14
196411,3,18,97.8 14.8
196411,3,24,97 15.5
196411,3,30,96.5 16.3
196411,3,36,96 17
196411,3,42,95.5 17.6
196411,3,48,95 18
196411,3,54,94.8 18.4
196411,3,60,94.7 18.9
196411,3,66,94.5 19.2
196411,3,72,94.3 19.4
196411,3,78,94 19.4
196411,3,84,93.9 19.3
196411,3,90,94.1 19.2
196411,3,96,94.2 19.2
196411,3,102,94.3 19.4
196411,3,108,95 20
196411,3,114,95.2 20.5
196411,3,120,95.4 21
196411,3,126,95.5 21.7
196411,3,132,95.9 22.5
196411,3,138,96.4 23.2
196411,3,144,97.1 24
196411,3,150,98 25.1
196411,3,156,99.4 26.4
196411,3,162,101 27.8
196411,3,168,102.7 29.6
196411,3,174,103.5 30.5
196411,3,180,103.9 31.9
196411,3,186,103.8 33.4
196411,3,192,103.6 34.9
196411,3,198,103.5 36
196411,3,204,103.5 36.5
196606,3,0,159.5 12.9
196606,3,6,157.7 13.3
196606,3,12,155.8 13.7
196606,3,18,153.9 14
196606,3,24,152 14.3
196606,3,30,150.1 14.6
196606,3,36,148.1 14.9
196606,3,42,146.1 15
196606,3,48,144.2 15.1
196606,3,54,142.2 15.2
196606,3,60,140.2 15.2
196606,3,66,138.2 15.3
196606,3,72,136.2 15.3
196606,3,78,134.3 15.3
196606,3,84,132.3 15.3
196606,3,90,130.2 15.6
196606,3,96,128 16
196606,3,102,125.9 16.3
196606,3,108,123.8 16.6
196606,3,114,122.1 16.9
196606,3,120,120.6 17.3
196606,3,126,119.2 17.7
196606,3,132,117.8 18.3
196606,3,138,116.3 19
196606,3,144,114.9 19.7
196606,3,150,113.7 20.4
196606,3,156,112.5 21
196606,3,162,111.3 21.6
196606,3,168,110.2 22.1
196606,3,174,109.5 22.7
196606,3,180,109.3 23.3
196606,3,186,109.1 23.7
196606,3,192,109 24
196606,3,198,108.9 24.4
196606,3,204,108.7 24.9
196606,3,210,108.5 25.3
196606,3,216,108.2 25.8
196606,3,222,107.9 26.3
196606,3,228,107.6 26.9
196606,3,234,107.3 27.4
196606,3,240,107 28
196606,3,246,106.7 28.5
196606,3,252,106.4 29.3
196606,3,258,106.7 30.5
196606,3,264,107.6 31.7
196606,3,270,108.6 32.9
196606,3,276,109.7 34
196606,3,282,110.8 35
196606,3,288,112 35.9
196606,3,294,113.2 36.6
196606,3,300,114.8 37
196606,3,306,117 37.1
196606,3,312,119.9 37.1
196606,3,318,123 37.5
196606,3,324,126 38.3
196606,3,330,128.9 39.7
196606,3,336,131.9 41.9
196606,3,342,135.1 44.7
196606,3,348,138.5 47.5
196606,3,354,142.2 50.2
196606,3,360,146.2 52.8
196606,3,366,150.6 55.2
196606,3,372,155.5 57.3
196606,3,378,160.6 58.7
196606,3,384,168 60.4
196606,3,390,174 61.1
196606,3,396,177 62.5
196606,3,402,182.5 62.6
196606,3,408,187 62.9
196904,3,0,144.5 13
196904,3,6,143 13.3
196904,3,12,141.5 13.5
196904,3,18,140 13.8
196904,3,24,138.5 14
196904,3,30,137 14.3
196904,3,36,135.5 14.5
196904,3,42,134.3 14.7
196904,3,48,133 15
196904,3,54,132 15.5
196904,3,60,131 16
196904,3,66,130 16.5
196904,3,72,129.2 17
196904,3,78,128.3 17.7
196904,3,84,127.4 18.4
196904,3,90,126.6 19.1
196904,3,96,125.9 19.7
196904,3,102,125.3 20.4
196904,3,108,124.6 21.2
196904,3,114,123.3 21.8
196904,3,120,122.2 22.4
196904,3,126,120.7 23.2
196904,3,132,119.5 23.8
196904,3,138,117.7 24.5
196904,3,144,116.7 25.1
196904,3,150,115.8 25.8
196904,3,156,115.1 26.6
196904,3,162,114.9 27.4
196904,3,168,115.2 28.4
196904,3,174,116 29.4
196904,3,180,117.9 30.3
196904,3,186,118.6 31.3
196904,3,192,120 32.6
196904,3,198,121.4 34
196904,3,204,122.8 35.4
196904,3,210,123.3 36.7
196904,3,216,125.2 39.2
196904,3,222,126.8 41.6
196904,3,228,127.1 43.5
196904,3,234,127.2 45.5
196904,3,240,128 48
196904,3,246,129.5 50.5
196904,3,252,132 53
196904,3,258,136.5 56.5
196904,3,264,142.2 60.9
197405,3,0,111 27
197405,3,6,110.7 27.4
197405,3,12,110.5 28
197405,3,18,110.3 29
197405,3,24,110.2 30
197405,3,30,110.2 30.8
197405,3,36,110.5 31.5
197405,3,42,111 32.1
197405,3,48,111.5 32.7
197405,3,54,112.2 33.7
197405,3,60,112.8 34.5
197405,3,66,113.9 35.3
197405,3,72,115 36
197405,3,78,116.1 36.5
197405,3,84,117.2 37
197405,3,90,118.2 37.3
197405,3,96,119 38
197405,3,102,119.8 38.5
197405,3,108,120.8 39.3
197405,3,114,122 40
197405,3,120,124 40.3
197405,3,126,125.5 41
197405,3,132,127.3 41.7
197405,3,138,129.6 42.1
197405,3,144,132.2 42.7
197405,3,150,135.5 43
197405,3,156,139.2 43.1
197405,3,162,144 43
197503,3,0,110.2 22.4
197503,3,6,108.9 21.9
197503,3,12,107.5 21.6
197503,3,18,106.2 21.2
197503,3,24,104.9 20.9
197503,3,30,103.6 20.6
197503,3,36,102.3 20.4
197503,3,42,101 20.3
197503,3,48,99.7 20.2
197503,3,54,98.4 20.2
197503,3,60,97.2 20.4
197503,3,66,96 20.8
197503,3,72,94.9 21.1
197503,3,78,93.7 21.5
197503,3,84,92.5 22
197503,3,90,91.2 22.4
197503,3,96,89.9 22.8
197503,3,102,89 22.9
197503,3,108,88.1 23
197503,3,114,87.4 23.1
197503,3,120,86.8 23.2
197503,3,126,86.4 23.2
197503,3,132,85.8 23.3
197503,3,138,85.1 23.5
197503,3,144,84.4 23.7
197503,3,150,83.7 23.8
197503,3,156,83 24
197503,3,162,82.5 24.1
197503,3,168,82.2 24.3
197503,3,174,82 24.8
197503,3,180,81.7 25.1
197503,3,186,81.3 25.2
197503,3,192,81 25.3
197505,3,0,125.9 17.5
197505,3,6,124.8 17.6
197505,3,12,123.7 17.7
197505,3,18,122.7 17.8
197505,3,24,121.7 17.9
197505,3,30,120.6 18
197505,3,36,119.5 18.1
197505,3,42,118.3 18.3
197505,3,48,117.2 18.5
197505,3,54,116.2 18.8
197505,3,60,115.2 18.9
197505,3,66,114.4 19
197505,3,72,113.3 19.2
197505,3,78,112.5 19.4
197505,3,84,111.6 19.5
197505,3,90,110.8 19.6
197505,3,96,109.8 19.7
197505,3,102,108.8 19.7
197505,3,108,107.8 19.8
197505,3,114,106.7 19.9
197505,3,120,105.5 19.9
197505,3,126,104.3 19.9
197505,3,132,103 20
197505,3,138,101.8 20
197505,3,144,100.9 19.9
197505,3,150,100.2 19.9
197505,3,156,99 19.8
197505,3,162,97.8 19.8
197505,3,168,96.6 19.8
197505,3,174,95.4 19.9
197505,3,180,94.5 20
197505,3,186,93.6 20.2
197505,3,192,92.9 20.8
197505,3,198,92.2 21.4
197505,3,204,91.5 22.4
197505,3,210,91.1 23.6
197505,3,216,90.6 24.8
197505,3,222,90.5 25.8
197505,3,228,90.6 26.5
197505,3,234,91.5 27.3
197505,3,240,92.7 28.4
197505,3,246,93.7 30.2
197505,3,252,94.3 33
197505,3,258,95.7 35.5
197505,3,264,96.5 36.5
197505,3,270,97.5 37
197505,3,276,98.5 37.5
197607,3,0,142.5 12.5
197607,3,6,141 13
197607,3,12,139.5 13.5
197607,3,18,137.9 13.8
197607,3,24,136.3 14.3
197607,3,30,134.7 14.7
197607,3,36,133.2 15.4
197607,3,42,131.6 16.1
197607,3,48,130.4 16.6
197607,3,54,129.5 17.5
197607,3,60,128.4 18.3
197607,3,66,127.7 18.9
197607,3,72,126.7 19.4
197607,3,78,125.8 20.2
197607,3,84,125.1 21
197607,3,90,124.9 22
197607,3,96,124.8 23.1
197607,3,102,124.8 24.2
197607,3,108,125.1 25.3
197607,3,114,125.7 26.3
197607,3,120,126.3 27.2
197607,3,126,127.4 27.8
197607,3,132,128.7 28.2
197607,3,138,129.9 28.2
197607,3,144,131.3 28.3
197607,3,150,132.9 28.5
197607,3,156,134.9 28.9
197607,3,162,137.1 29
197607,3,168,139.2 29.7
197607,3,174,141 30.6
197607,3,180,142.8 32
197607,3,186,144.4 33.4
197607,3,192,145.9 34.9
197607,3,198,147.5 36.4
197607,3,204,149.2 37.8
197607,3,210,150.7 39.4
197607,3,216,152 41
197607,3,222,152.8 42.1
197607,3,228,152.9 43.5
197607,3,234,151.4 42.8
197607,3,240,151.8 42
197607,3,246,152.4 41.9
197607,3,252,153 41.8
197607,3,258,153.7 41.7
197607,3,264,154.3 41.6
198006,3,0,161 12.5
198006,3,6,160 12.5
198006,3,12,159 12.6
198006,3,18,158.2 12.7
198006,3,24,157.5 12.8
198006,3,30,156.8 12.9
198006,3,36,156 13
198006,3,42,155.2 13
198006,3,48,154.4 13
198006,3,54,153.2 13
198006,3,60,152 12.9
198006,3,66,151 12.8
198006,3,72,150.2 12.8
198006,3,78,149.5 12.9
198006,3,84,148.7 13
198006,3,90,147.9 13.2
198006,3,96,147.1 13.4
198006,3,102,146.5 13.8
198006,3,108,145.9 14.2
198006,3,114,145.4 14.9
198006,3,120,145.1 15.4
198006,3,126,145 16
198006,3,132,144.7 16.3
198006,3,138,144.1 16.6
198006,3,144,143.9 17
198006,3,150,143.1 17.2
198006,3,156,142.2 17.8
198006,3,162,141.5 18.3
198006,3,168,140.4 18.6
198006,3,174,139.4 18.8
198006,3,180,138 18.9
198006,3,186,136.6 19.3
198006,3,192,135.3 19.8
198006,3,198,134.1 20.2
198006,3,204,133.1 20.8
198006,3,210,132 21.6
198006,3,216,131.2 22.5
198006,3,222,130.4 23.3
198006,3,228,129.8 24.6
198006,3,234,129.2 25.8
198006,3,240,129.2 27.4
198006,3,246,129.4 28.8
198006,3,252,130 30.2
198006,3,258,130.8 31.8
198006,3,264,132 33
198006,3,270,132.8 33.9
198006,3,276,133.6 34.7
198006,3,282,134.1 35.7
198006,3,288,134.2 36.7
198006,3,294,134.2 37.8
198006,3,300,133.8 39
198006,3,306,133.5 40
198006,3,312,133.6 41.2
198006,3,318,134.2 42.4
198006,3,324,135.1 43.6
198006,3,330,136.8 44.5
198006,3,336,139 45.7
198006,3,342,141 47
198006,3,348,144.5 49.4
198006,3,354,148 51.2
198006,3,360,151 54
198109,3,0,147.5 13.5
198109,3,6,146.4 13.3
198109,3,12,145.1 13.1
198109,3,18,144 12.8
198109,3,24,142.8 12.6
198109,3,30,141.6 12.5
198109,3,36,140.4 12.4
198109,3,42,139.2 12.5
198109,3,48,137.8 12.7
198109,3,54,136.2 13
198109,3,60,134.7 13.3
198109,3,66,133.3 13.8
198109,3,72,132.2 14.3
198109,3,78,131.1 15
198109,3,84,129.9 15.6
198109,3,90,128.8 16.6
198109,3,96,128 17.4
198109,3,102,127.2 18.2
198109,3,108,126.5 19.1
198109,3,114,125.7 19.7
198109,3,120,124.9 20.3
198109,3,126,124.3 21
198109,3,132,123.6 21.8
198109,3,138,123.2 22.4
198109,3,144,122.8 23
198109,3,150,122.8 23.8
198109,3,156,123.1 24.7
198109,3,162,123.2 25.8
198109,3,168,123.3 27
198109,3,174,123.8 28.4
198109,3,180,124.7 29.8
198109,3,186,126 31.3
198109,3,192,127.4 32.6
198109,3,198,129.6 34.1
198109,3,204,132.5 35.9
198109,3,210,134.9 37.5
198109,3,216,137.6 38.9
198109,3,222,140.5 40
198109,3,228,143.9 41.3
198109,3,234,146.3 42.5
198109,3,240,148 43.7
198109,3,246,149.7 44.8
198109,3,252,151.5 45.1
198109,3,258,155 45.4
198109,3,264,159 45.2
198109,3,270,163 44.5
198109,3,276,168.5 43.6
198109,3,282,176 45
198511,3,0,116.2 21.1
198511,3,6,116.1 21.6
198511,3,12,115.8 21.7
198511,3,18,115.2 21.5
198511,3,24,114.7 21.1
198511,3,30,114 20.7
198511,3,36,113.6 20.4
198511,3,42,112.7 20.7
198511,3,48,111.2 21.1
198511,3,54,110 21.4
198511,3,60,108.2 21.6
198511,3,66,106.7 21.6
198511,3,72,104.9 21.9
198511,3,78,103.2 22.1
198511,3,84,101.6 22.1
198511,3,90,99.8 22.7
198511,3,96,98.1 23.2
198511,3,102,96.5 23.9
198511,3,108,95.5 24.6
198511,3,114,94.7 25.2
198511,3,120,94 26
198511,3,126,93.5 26.8
198511,3,132,93.4 27.5
198511,3,138,93.5 28.3
198511,3,144,93.9 29.2
198511,3,150,94.9 30.2
198511,3,156,96.5 31.5
198511,3,162,98.5 32.5
198511,3,168,100.8 33.7
198511,3,174,103.8 34.7
198511,3,180,106.5 34.4
198511,3,186,108 34
198511,3,192,109.5 33.5
199102,3,0,105.7 25.6
199102,3,6,105.1 25.7
199102,3,12,104.6 25.9
199102,3,18,104.2 26.4
199102,3,24,103.8 27.1
199102,3,30,103.5 27.8
199102,3,36,103.1 28.4
199102,3,42,102.9 29
199102,3,48,103 29.7
199102,3,54,103.1 30.5
199102,3,60,103.4 31.5
199102,3,66,103.9 33
199102,3,72,104.7 34.6
199102,3,78,105.5 36.5
199102,3,84,107 38.9
199102,3,90,108.6 41.4
199102,3,96,110.4 43.8
199102,3,102,112.4 45.6
199102,3,108,114.5 47
199102,3,114,118.1 48.4
199102,3,120,121.7 49.8
199102,3,126,125.1 50.9
199102,3,132,128.6 51.6
199102,3,138,132.7 51.9
199102,3,144,137.2 51.9
199102,3,150,141.7 51.5
199102,3,156,145.9 50.7
199102,3,162,149.7 49.3
199102,3,168,153.1 47.7
199102,3,174,156.1 46.3
199102,3,180,158.6 45.3
199102,3,186,160.1 44.2
199102,3,192,160.6 43.1
199102,3,198,160.9 42.4
199102,3,204,161.4 42.2
199102,3,210,161.9 42.1
199102,3,216,162.1 41.9
199102,3,222,162.2 41.7
199102,3,228,162.4 41.3
199102,3,234,162.7 40.9
199102,3,240,163.2 40.5
199102,3,246,164 40.2
199102,3,252,164.8 40
199102,3,258,165.6 39.9
199102,3,264,166.2 39.9
199102,3,270,166.9 40
199102,3,276,167.6 40
199102,3,282,168.2 40
199102,3,288,168.7 40
199102,3,294,169.1 40
199102,3,300,169.5 40
199102,3,306,169.9 40
199102,3,312,170.1 40
199305,3,0,127.4 19.9
199305,3,6,126.4 20.5
199305,3,12,125.2 21.3
199305,3,18,124 22.3
199305,3,24,122.9 23.2
199305,3,30,122.2 24.3
199305,3,36,121.4 25.4
199305,3,42,120.5 26.7
199305,3,48,120 27.6
199305,3,54,119.7 28
199305,3,60,119.5 27.9
199305,3,66,119.6 28
199305,3,72,119.6 28.2
199305,3,78,119.3 28.3
199305,3,84,119 27.9
199305,3,90,118.8 27.4
199305,3,96,118.3 26.9
199305,3,102,117.6 26.6
199305,3,108,117 26.4
199305,3,114,116.5 26.3
199305,3,120,115.6 26.4
199305,3,126,114.8 26.6
199305,3,132,113.9 27
199305,3,138,113.1 27.4
199305,3,144,112.4 28
199305,3,150,111.8 28.6
199305,3,156,111.2 29.3
199305,3,162,110.8 30
199305,3,168,110.3 30.6
199305,3,174,109.8 31.2
199305,3,180,109.2 31.5
199305,3,186,108.6 31.8
199305,3,192,107.8 32
199305,3,198,107 32.4
199305,3,204,106.2 32.9
199305,3,210,105.3 33.6
199305,3,216,104.8 34.5
199305,3,222,105.1 35.6
199305,3,228,105.6 36.6
199305,3,234,107.3 37.5
199305,3,240,109.3 38.2
199305,3,246,111.5 39
199305,3,252,114 39.2
199305,3,258,116.4 39.2
199305,3,264,118.6 39
199305,3,270,120.4 38.6
199305,3,276,121.7 38.1
199305,3,282,122.3 37.5
199305,3,288,122.5 36.9
199305,3,294,122.4 36.4
199305,3,300,122.4 36
199305,3,306,122.5 35.8
199305,3,312,122.8 36.1
199305,3,318,123.1 36.7
199305,3,324,123.6 37.4
199305,3,330,124.3 38
199305,3,336,125.2 38.7
199305,3,342,127 39
199305,3,348,128.9 39.3
199305,3,354,130.6 39.8
199517,3,0,97.9 14
199517,3,6,97.3 14.2
199517,3,12,97 14.8
199517,3,18,96.8 15
199517,3,24,96.8 15.7
199517,3,30,96.9 16.5
199517,3,36,97 17.2
199517,3,42,97.1 17.9
199517,3,48,97.1 18.4
199517,3,54,96.3 18.9
199517,3,60,95.7 19.2
199517,3,66,95 19.4
199517,3,72,94 19.9
199517,3,78,93 20
199517,3,84,91.9 20
199517,3,90,90.9 19.9
199517,3,96,90 19.7
199517,3,102,89.2 19.5
199517,3,108,88.5 19.5
199517,3,114,87.8 19.5
199517,3,120,87.4 19.7
199517,3,126,87.2 20.1
199517,3,132,86.9 20.5
199517,3,138,86.4 21
199517,3,144,86.1 21.4
199517,3,150,86.1 21.8
199517,3,156,86.1 22.2
199517,3,162,86.2 22.3
199517,3,168,86.7 22.3
199517,3,174,87.1 21.8
199517,3,180,87.6 21.4
199517,3,186,88.1 21
199517,3,192,88.4 20.6
199517,3,198,88.5 20.4
199517,3,204,88.3 20.3
199517,3,210,88 20.3
199517,3,216,87.8 20.4
199517,3,222,87.6 20.6
199517,3,228,87.4 20.9
199517,3,234,87.1 21.2
199517,3,240,86.9 21.3
199517,3,246,86.7 21.5
199517,3,252,86.4 21.8
199517,3,258,85.8 22.2
199517,3,264,85.3 22.3
199517,3,270,84.9 22.3
199517,3,276,84.6 22.4
199517,3,282,84.5 22.3
199517,3,288,84.4 22.3
199517,3,294,84.4 22.4
199517,3,300,84.5 22
199517,3,306,84.5 21.5
199517,3,312,84.5 20.5
199517,3,318,84 19.5
199609,3,0,156.7 8.6
199609,3,6,154.8 9.2
199609,3,12,153.1 9.9
199609,3,18,151.5 10.3
199609,3,24,150 10.7
199609,3,30,148.3 11
199609,3,36,147.2 11.2
199609,3,42,145.8 11.7
199609,3,48,144.2 12.4
199609,3,54,142.9 12.8
199609,3,60,141.4 13.1
199609,3,66,140.2 13.7
199609,3,72,138.9 14.1
199609,3,78,137.8 14.9
199609,3,84,137.1 15.8
199609,3,90,136.9 16.7
199609,3,96,136.8 17.8
199609,3,102,136.8 19
199609,3,108,137.1 20
199609,3,114,137.8 20.8
199609,3,120,138.7 21.8
199609,3,126,139.1 22.6
199609,3,132,139.6 23.8
199609,3,138,139.9 25.3
199609,3,144,140 26.7
199609,3,150,139.9 28.2
199609,3,156,139.7 29.9
199609,3,162,139.6 31.6
199609,3,168,139.6 33.6
199609,3,174,139.7 35.8
199609,3,180,139.8 38.1
199609,3,186,140.4 40.3
199609,3,192,144 43
199802,3,0,131.9 14.7
199802,3,6,129.9 15.4
199802,3,12,127.8 16.2
199802,3,18,125.3 16.9
199802,3,24,122.7 17.3
199802,3,30,120.4 18.2
199802,3,36,118.7 18.7
199802,3,42,117.1 19.1
199802,3,48,115.5 19.5
199802,3,54,114.1 20.3
199802,3,60,112.7 21.1
199802,3,66,111.3 21.8
199802,3,72,110.2 22.3
199802,3,78,109.5 23
199802,3,84,109 23.4
199802,3,90,108.7 23.8
199802,3,96,108.5 24.1
199802,3,102,108.3 24.4
199802,3,108,108.2 24.8
199802,3,114,107.9 25.2
199802,3,120,107.6 25.6
199802,3,126,107.2 26.1
199802,3,132,106.8 26.9
199802,3,138,106.2 27.8
199802,3,144,105.3 28.8
199802,3,150,104.4 29.8
199802,3,156,103.6 30.8
199802,3,162,102.7 31.7
199802,3,168,102.2 32.7
199802,3,174,102.2 33.4
199802,3,180,102.3 34
199802,3,186,102.5 34.5
199802,3,192,102.9 34.9
199802,3,198,103.4 35.4
199802,3,204,104.1 35.8
199802,3,210,104.9 36.2
199802,3,216,105.7 36.7
199802,3,222,106.8 37.3
199802,3,228,108.6 38.3
199802,3,234,110.4 39.2
199802,3,240,112.2 40.2
199802,3,246,115.2 41.6
199802,3,252,118.5 42.9
199802,3,258,123 44.3
199802,3,264,126.5 44.5
199802,3,270,130 44
199802,3,276,135 44
199802,3,282,139 43
200001,3,0,162 10.8
200001,3,6,159.9 11.5
200001,3,12,157.7 12
200001,3,18,156.2 12.3
200001,3,24,154.8 12.7
200001,3,30,153.3 13.2
200001,3,36,151.8 13.7
200001,3,42,150.2 14.1
200001,3,48,148.6 14.5
200001,3,54,146.8 14.5
200001,3,60,145.6 14.6
200001,3,66,144.6 14.7
200001,3,72,143.4 15.2
200001,3,78,141.9 15.7
200001,3,84,140.4 16
200001,3,90,139 16.2
200001,3,96,137.8 16.5
200001,3,102,136.4 16.7
200001,3,108,135.1 17
200001,3,114,134.3 17.7
200001,3,120,133.5 18.6
200001,3,126,132.8 19.6
200001,3,132,131.5 20.6
200001,3,138,130.1 21.9
200001,3,144,128.7 23.4
200001,3,150,127.4 24.8
200001,3,156,126 26.1
200001,3,162,124.7 27.5
200001,3,168,123.3 28.8
200001,3,174,122.3 29.9
200001,3,180,121.6 31.1
200001,3,186,121.4 32.2
200001,3,192,121.5 33.3
200001,3,198,122 34.3
200001,3,204,123.3 35.1
200001,3,210,124.7 35.9
200001,3,216,126.2 36.8
200001,3,222,128 37.4
200001,3,228,129.7 38
200001,3,234,131.7 38.4
200001,3,240,133.7 38.8
200001,3,246,135.8 39
200001,3,252,137.8 39.1
200001,3,258,139.4 39.1
200001,3,264,140.7 39.1
200001,3,270,141.5 38.9
200001,3,276,141.5 38.3
200001,3,282,141.5 37.3
200001,3,288,141.1 36.6
200001,3,294,140.6 36.1
200001,3,300,139.8 35.4
200001,3,306,138.7 34.6
200001,3,312,137.6 33.9
200001,3,318,136.5 33.4
200001,3,324,135.8 33
200001,3,330,135.1 33
200001,3,336,134.2 33
200001,3,342,133.5 33.2
200001,3,348,132.9 33.6
200001,3,354,132.4 34.2
200001,3,360,132 34.7
200001,3,366,131.9 34.9
200001,3,372,131.8 35.3
200001,3,378,131.8 35.6
200001,3,384,131.8 36
200001,3,390,131.9 36.4
200001,3,396,132 36.7
200001,3,402,132.1 37.1
200001,3,408,132.3 37.4
200001,3,414,132.5 37.9
200001,3,420,132.7 38.3
200001,3,426,132.8 38.9
200001,3,432,133.3 40
200001,3,438,134.1 41.2
200001,3,444,134.6 42.6
200001,3,450,136 44
200001,3,456,137.9 46.1
200001,3,462,140.5 48.3
200001,3,468,143.2 50.7
200001,3,474,144.6 53.2
200001,3,480,146 57
200001,3,486,149.7 59.5
200001,3,492,154.5 62
200001,3,498,157 65.5
200001,3,504,160 68
200001,3,510,167.5 69
200001,3,516,175.1 70.7
200106,3,0,151.6 13.9
200106,3,6,150.5 14.4
200106,3,12,149 14.8
200106,3,18,147 15
200106,3,24,144.9 15
200106,3,30,143 15
200106,3,36,141.3 15
200106,3,42,139.8 15
200106,3,48,138.3 15
200106,3,54,136.9 15.2
200106,3,60,136.3 16
200106,3,66,135.2 16.5
200106,3,72,134.2 16.9
200106,3,78,133.2 17.3
200106,3,84,132.6 17.8
200106,3,90,132.3 18.6
200106,3,96,132 19.4
200106,3,102,131.6 20.2
200106,3,108,131.2 21
200106,3,114,131.1 22
200106,3,120,131 22.9
200106,3,126,131.1 23.9
200106,3,132,131.4 24.8
200106,3,138,131.6 25.9
200106,3,144,132 27.1
200106,3,150,132.8 28.2
200106,3,156,133.4 29.3
200106,3,162,134.5 30.1
200106,3,168,135.7 30.9
200106,3,174,137.2 31.2
200106,3,180,138.6 31.5
200106,3,186,140.5 31.7
200106,3,192,142.4 32.1
200106,3,198,144 32.1
200106,3,204,145.2 32.6
200106,3,210,146.7 33.4
200106,3,216,147.6 34.3
200106,3,222,148 35.1
200106,3,228,148.3 35.4
200106,3,234,148.5 35.3
200106,3,240,148.2 35.2
200106,3,246,148 35
200106,3,252,148 34.8
200106,3,258,148.1 34.7
200106,3,264,148.3 34.7
200106,3,270,148.4 34.6
200401,3,0,101.7 30.3
200401,3,6,101.2 31
200401,3,12,101 31.5
200401,3,18,100.9 31.6
200401,3,24,100.8 31.6
200401,3,30,100.7 31.5
200401,3,36,100.6 31.4
200401,3,42,101 31.3
200401,3,48,101.3 31.8
200401,3,54,101.8 32.4
200401,3,60,102.6 33
200401,3,66,103.6 34.2
200401,3,72,104.8 35.3
200401,3,78,106.3 36
200401,3,84,107.9 36.8
200401,3,90,109.8 37.3
200401,3,96,111.7 37.8
200401,3,102,114 38.5
200401,3,108,116.9 39.5
200401,3,114,120.4 40.8
200401,3,120,125 42.7
200401,3,126,130.7 44.5
200401,3,132,135.8 46.1
200401,3,138,142.5 47
200401,3,144,147.3 47.4
200410,3,0,120 15.9
200410,3,6,119.3 16
200410,3,12,118.5 16.3
200410,3,18,117.4 16.4
200410,3,24,116.5 16.7
200410,3,30,116 17.1
200410,3,36,115.2 17.2
200410,3,42,114.6 17.6
200410,3,48,113.8 18.1
200410,3,54,112.9 18.5
200410,3,60,112.2 18.6
200410,3,66,111.5 18.6
200410,3,72,111 18.8
200410,3,78,110.6 19.2
200410,3,84,110.1 19.4
200410,3,90,109.3 19.7
200410,3,96,108.4 20
200410,3,102,108 20.2
200410,3,108,107.5 20.4
200410,3,114,107.2 21.2
200410,3,120,107.7 21.7
200410,3,126,107.8 22.2
200410,3,132,107.7 22.8
200410,3,138,107.5 23.5
200410,3,144,107.7 24.2
200410,3,150,107.9 24.8
200410,3,156,108 25.5
200410,3,162,108.3 26.6
200410,3,168,108.6 27.2
200410,3,174,109.2 27.4
200410,3,180,109.8 27.6
200410,3,186,110.5 27.6
200410,3,192,110.8 27.4
200410,3,198,111.1 27.2
200410,3,204,111.3 26.8
200410,3,210,111.5 26.5
200410,3,216,111.2 26.2
200410,3,222,111 25.7
200410,3,228,110.7 25.5
200410,3,234,110.4 25.5
200410,3,240,110 25.8
200410,3,246,109.6 26
200410,3,252,108.8 26.1
200410,3,258,107.8 26.2
200410,3,264,106.9 26.4
200410,3,270,105.7 26.4
200410,3,276,104.4 26.5
200410,3,282,103.1 26.6
200410,3,288,101.8 26.9
200410,3,294,100.6 27.1
200410,3,300,99.4 27.3
200410,3,306,98.4 27.7
200410,3,312,97.7 28.3
200410,3,318,97.3 29.3
200410,3,324,96.7 30.1
200410,3,330,96.1 31.1
200410,3,336,96.4 32.5
200410,3,342,96.8 33.2
200410,3,348,97.6 34.1
200410,3,354,99 35.4
200410,3,360,101.6 37.3
200410,3,366,103.6 38.3
200410,3,372,105.3 38.8
200410,3,378,107.5 38.5
200524,3,0,99.1 10.4
200524,3,6,98.9 10.7
200524,3,12,98.7 11
200524,3,18,98.7 11.3
200524,3,24,98.7 11.6
200524,3,30,98.8 11.9
200524,3,36,98.9 12.3
200524,3,42,99 12.8
200524,3,48,98.9 13.2
200524,3,54,98.8 13.4
200524,3,60,98.6 13.6
200524,3,66,98.4 13.7
200524,3,72,97.9 13.7
200524,3,78,97.4 13.6
200524,3,84,96.9 13.3
200524,3,90,96.5 12.9
200524,3,96,95.9 12.7
200524,3,102,95.1 12.7
200608,3,0,126.2 20.2
200608,3,6,125.5 20.3
200608,3,12,124.7 20.6
200608,3,18,123.7 20.9
200608,3,24,122.9 21.4
200608,3,30,122.4 21.8
200608,3,36,122 22.3
200608,3,42,121.8 22.8
200608,3,48,121.8 23.4
200608,3,54,121.9 24
200608,3,60,122 24.7
200608,3,66,122.1 25.6
200608,3,72,122.3 26.5
200608,3,78,122.6 27.3
200608,3,84,123.2 28.2
200608,3,90,123.8 29.1
200608,3,96,124.6 29.8
200608,3,102,125.4 30.3
200608,3,108,126.2 30.8
200608,3,114,126.5 31.1
200608,3,120,126.5 31.1
200608,3,126,126.5 31.1
200608,3,132,126.4 31.2
200608,3,138,126.2 31.3
200608,3,144,126.1 31.5
200608,3,150,126.2 31.9
200608,3,156,126.3 32.4
200608,3,162,126.7 33.3
200608,3,168,127.1 34.1
200608,3,174,127.9 35
200608,3,180,129.4 36.1
200608,3,186,131.3 36.9
200608,3,192,133.7 37.5
200608,3,198,136.7 38
200608,3,204,139.8 38.1
200608,3,210,143 38
200608,3,216,146.5 37.8
200608,3,222,150.1 37.7
200608,3,228,153.9 37.6
200608,3,234,157.4 37.8
200608,3,240,161.5 38.5
200608,3,246,166 40.1
200608,3,252,169.6 43.8
200608,3,258,171 48.5
200608,3,264,170.5 52.5
200608,3,270,169.5 54.5
200608,3,276,166 57
200608,3,282,161.5 56.5
200608,3,288,160.5 56
200608,3,294,160 54.5
200608,3,300,160 52.5
200608,3,306,162.3 50.7
200608,3,312,165.5 49
200608,3,318,170 48
200608,3,324,171.5 48.5
200608,3,330,172 49
200608,3,336,172.5 50.5
195010,3,0,132.8 24.3
195010,3,6,131.8 24.2
195010,3,12,130.8 24.2
195010,3,18,129.8 24.2
195010,3,24,128.8 24.2
195010,3,30,127.6 24.4
195010,3,36,126.3 24.7
195010,3,42,125.4 25
195010,3,48,124.5 25.4
195010,3,54,123.3 26.1
195010,3,60,122.2 26.9
195010,3,66,121.4 27.6
195010,3,72,120.7 28.4
195010,3,78,120 29.5
195010,3,84,119.5 30.8
195010,3,90,119.8 32
195010,3,96,120.8 33.2
195010,3,102,121.8 34.2
195010,3,108,122.8 35.1
195010,3,114,123.8 35.9
195010,3,120,125 36.8
195010,3,126,128.5 38.8
195010,3,132,132.9 40.8
195010,3,138,135.5 41.9
195010,3,144,138 43
195010,3,150,140.1 44.1
195101,3,0,115.4 28
195101,3,6,113.5 30
195101,3,12,112.9 30.8
195101,3,18,111.5 31.4
195101,3,24,109.2 31.9
195101,3,30,106.8 31.8
195101,3,36,104.7 31
195101,3,42,102.9 30.1
195101,3,48,101.8 29.4
195101,3,54,101.4 28.7
195101,3,60,101.2 28
195101,3,66,101.3 27.3
195101,3,72,101.8 26.9
195101,3,78,102.3 27
195101,3,84,102.7 27.2
195101,3,90,103 27.4
195101,3,96,103.3 27.7
195101,3,102,103.7 28.1
195101,3,108,104 28.8
195101,3,114,104.2 29.7
195101,3,120,104.4 30.6
195101,3,126,104.6 31.5
195101,3,132,104.7 32.4
195101,3,138,104.8 33.2
195101,3,144,105.3 34.4
195101,3,150,105.8 35.5
195101,3,156,106.4 35.9
195101,3,162,107 36.2
195101,3,168,107.8 36.5
195101,3,174,108.8 36.6
195101,3,180,109.8 36.6
195101,3,186,111 36.5
195101,3,192,113 36.4
195101,3,198,115 36.5
195101,3,204,116.4 37.1
195101,3,210,117.7 37.9
195101,3,216,118.8 38.7
195101,3,222,120 39.5
195101,3,228,120.8 40.1
195106,3,0,160 13
195106,3,6,156.5 11.8
195106,3,12,155.2 11.6
195106,3,18,154 11.5
195106,3,24,152.5 11.5
195106,3,30,151 11.8
195106,3,36,149.5 12.4
195106,3,42,148 13
195106,3,48,146.7 13.7
195106,3,54,145.4 14.4
195106,3,60,143.8 15.2
195106,3,66,142.2 16
195106,3,72,141 16.5
195106,3,78,139.9 17.1
195106,3,84,138.6 17.6
195106,3,90,137 18.2
195106,3,96,134.5 19.2
195106,3,102,131.8 20.3
195106,3,108,130.5 21
195106,3,114,129.3 21.7
195106,3,120,126.9 23
195106,3,126,124.8 24.4
195106,3,132,123.6 25.2
195106,3,138,122.5 26.4
195106,3,144,121.2 29.2
195106,3,150,120 32.4
195106,3,156,120.2 35.3
195106,3,162,122 38
195106,3,168,125.4 40
195106,3,174,129.5 42
195106,3,180,136.1 44.5
195106,3,186,143 47
195106,3,192,150.1 49.6
195106,3,198,157.2 52.4
195106,3,204,158.9 55.5
195106,3,210,156.8 59
195308,3,0,104.2 16.9
195308,3,6,101.9 16.8
195308,3,12,99.8 17.2
195308,3,18,97.8 18.2
195308,3,24,96.1 19.4
195308,3,30,95 20.9
195308,3,36,93.6 22.4
195308,3,42,93 23.4
195308,3,48,92.7 24.4
195308,3,54,92.5 25.9
195308,3,60,92.6 27.5
195308,3,66,93 28.7
195308,3,72,93.2 29.7
195308,3,78,93.9 30.4
195308,3,84,95 30.9
195308,3,90,96.2 31.2
195308,3,96,97.7 31.6
195308,3,102,99.8 32.5
195308,3,108,102.9 33.8
195308,3,114,106.6 35.4
195308,3,120,110.3 37
195308,3,126,114.3 39.3
195805,3,0,123.4 13.7
195805,3,6,120.4 14
195805,3,12,118 15.4
195805,3,18,116 16.1
195805,3,24,114.4 16.2
195805,3,30,112.8 16.3
195805,3,36,110.7 16.5
195805,3,42,108.9 16.9
195805,3,48,107.6 17.6
195805,3,54,106.3 18.4
195805,3,60,105 19.2
195805,3,66,103.7 20
195805,3,72,102.8 20.6
195805,3,78,102 21
195805,3,84,100.9 21.4
195805,3,90,99.8 21.8
195805,3,96,98.9 21.9
195805,3,102,98 22
195805,3,108,96.8 22.3
195805,3,114,95.5 22.7
195805,3,120,94.4 22.9
195805,3,126,93.3 23.2
195805,3,132,91.9 23.9
195805,3,138,90.5 24.6
195805,3,144,89.2 25.4
195805,3,150,87.9 26.1
195805,3,156,86.8 26.6
195805,3,162,85.5 27
195805,3,168,83.7 27.5
195805,3,174,81.8 28.1
195805,3,180,79.5 28.3
196205,3,0,108.6 22.1
196205,3,6,107.9 23.8
196205,3,12,107.9 24.7
196205,3,18,107.9 25
196205,3,24,107.9 25.2
196205,3,30,107.8 25.8
196205,3,36,107.4 26.1
196205,3,42,106.8 26.3
196205,3,48,106 26.4
196205,3,54,105.2 26.7
196205,3,60,104.9 27
196205,3,66,104.8 27.4
196205,3,72,104.6 28.1
196205,3,78,104.4 28.7
196205,3,84,104.3 29.2
196205,3,90,104.2 29.7
196205,3,96,104.2 30.2
196205,3,102,104.2 30.7
196205,3,108,104.9 30.7
196205,3,114,105.4 30.7
196205,3,120,106.4 31.3
196205,3,126,107.2 31.9
196205,3,132,108.2 33
196205,3,138,109.2 33.9
196205,3,144,110.4 34.6
196205,3,150,111.9 35.2
196205,3,156,113.7 36
196205,3,162,115.4 36.7
196205,3,168,117.4 37.5
196205,3,174,120.3 39.5
196205,3,180,123.7 42.9
196205,3,186,126.6 46.7
196205,3,192,130 49
196205,3,198,134.9 52
196205,3,204,138.6 54.1
196205,3,210,143 56.2
196302,3,0,130.5 13.7
196302,3,6,129.1 14.3
196302,3,12,128.3 15
196302,3,18,127.2 15.5
196302,3,24,126.5 16
196302,3,30,125.4 16.5
196302,3,36,124.6 16.8
196302,3,42,124 17.3
196302,3,48,123.1 17.9
196302,3,54,122.2 18.7
196302,3,60,121.7 19.6
196302,3,66,121.2 20.5
196302,3,72,120.9 21.3
196302,3,78,120.8 22.1
196302,3,84,120.6 22.6
196302,3,90,120.4 23.1
196302,3,96,120.3 23.7
196302,3,102,120.2 24.1
196302,3,108,120 24.8
196302,3,114,119.8 25.6
196302,3,120,119.7 26.6
196302,3,126,119.6 27.8
196302,3,132,119.8 29
196302,3,138,120.8 30.4
196302,3,144,121.7 31.6
196302,3,150,123 32.9
196302,3,156,124.7 34.5
196302,3,162,126.4 36.3
196302,3,168,127.7 38.4
196302,3,174,129 41.6
196302,3,180,131.7 45.8
196302,3,186,135.1 49.4
196302,3,192,139 51.6
196302,3,198,144.5 54.2
196907,3,0,103 24.5
196907,3,6,102 25.4
196907,3,12,101 26
196907,3,18,100.4 26.4
196907,3,24,99.8 26.6
196907,3,30,98.9 27.3
196907,3,36,99.2 27.8
196907,3,42,99.6 28.5
196907,3,48,100 29
196907,3,54,100.3 29.7
196907,3,60,101 30.7
196907,3,66,102 32
196907,3,72,103.6 33.4
196907,3,78,105.6 35.3
196907,3,84,107.8 37.8
196907,3,90,110.1 40.1
196907,3,96,112.5 44
196907,3,102,114 48.5
196907,3,108,115 53
197006,3,0,96.5 15.3
197006,3,6,96.2 16
197006,3,12,95.8 16.6
197006,3,18,95.4 17.2
197006,3,24,95 17.7
197006,3,30,94.3 18.6
197006,3,36,93.7 19.4
197006,3,42,93.2 20
197006,3,48,92.4 20.8
197006,3,54,91 22
197006,3,60,89.2 23
197006,3,66,87.4 23.6
197006,3,72,85.8 23.9
197006,3,78,84.5 24
197006,3,84,83.5 23.9
197006,3,90,82.6 23.8
197006,3,96,82.1 23.9
197006,3,102,81.5 24
197006,3,108,80.4 23.9
197006,3,114,79.5 24.2
197306,3,0,157.6 10.5
197306,3,6,156.8 11.3
197306,3,12,155.7 12.2
197306,3,18,155 13.1
197306,3,24,154.3 14
197306,3,30,153.2 15.1
197306,3,36,151.9 16.2
197306,3,42,150.6 17.2
197306,3,48,149.3 18.2
197306,3,54,147.8 19.2
197306,3,60,146.2 20.2
197306,3,66,144.7 21.1
197306,3,72,143.2 22.6
197306,3,78,141.7 24.5
197306,3,84,140.2 25.3
197306,3,90,138.3 26
197306,3,96,136.5 26.5
197306,3,102,134.8 26.7
197306,3,108,133 26.9
197306,3,114,131.3 27.1
197306,3,120,129.9 27.1
197306,3,126,128.5 27.2
197306,3,132,127.6 27.8
197306,3,138,127 28.7
197306,3,144,126.5 29.6
197306,3,150,126.1 30.7
197306,3,156,126 32
197306,3,162,126.1 33.3
197306,3,168,126.6 34.6
197306,3,174,127.5 36
197306,3,180,129.1 37.5
197306,3,186,131.5 39.5
197306,3,192,134.8 42.1
197306,3,198,138.5 44.7
197306,3,204,143 48.6
197306,3,210,148.4 52.3
197306,3,216,155 55.5
197603,3,0,107.2 26
197603,3,6,107 26.3
197603,3,12,106.6 26
197603,3,18,106.8 25.6
197603,3,24,106.8 26
197603,3,30,106.3 26.2
197603,3,36,105.8 26.6
197603,3,42,105.4 26.9
197603,3,48,104.9 27.4
197603,3,54,104.9 28.1
197603,3,60,104.7 29.5
197603,3,66,104.7 30.9
197603,3,72,104.8 32.5
197603,3,78,105.3 34.4
197603,3,84,105.8 36.6
197603,3,90,106.2 38.8
197603,3,96,106.8 41
197603,3,102,107.6 42.6
198106,3,0,119.7 16.2
198106,3,6,118.9 16.7
198106,3,12,118.1 17.3
198106,3,18,117.4 18
198106,3,24,116.7 18.6
198106,3,30,116 19
198106,3,36,115.3 19.5
198106,3,42,114.5 20.1
198106,3,48,113.8 20.9
198106,3,54,112.9 21.7
198106,3,60,112.3 22.6
198106,3,66,111.4 23.6
198106,3,72,110.9 24.5
198106,3,78,110.9 25.5
198106,3,84,110.9 26.4
198106,3,90,111.1 27.5
198106,3,96,111.5 28.4
198106,3,102,112.2 29.3
198106,3,108,112.8 29.9
198106,3,114,113.5 30.6
198106,3,120,114.4 31.4
198106,3,126,115.3 32
198106,3,132,117 32.9
198106,3,138,119.3 33.7
198106,3,144,121.5 34.2
198106,3,150,123.7 33.8
198106,3,156,126 33.5
198106,3,162,128.7 33.6
198106,3,168,131.3 34
198106,3,174,133.6 34
198106,3,180,135.9 33.8
198106,3,186,138.3 34.5
198106,3,192,140.3 35.5
198106,3,198,141.7 36.6
198106,3,204,143.1 37.6
198106,3,210,144.8 39
198106,3,216,146.6 40.6
198301,3,0,89.5 27.3
198301,3,6,89 27.2
198301,3,12,88.5 27.1
198301,3,18,88 27
198301,3,24,87.6 27.1
198301,3,30,87.2 27.3
198301,3,36,86.7 27.4
198301,3,42,86.3 27.7
198301,3,48,85.8 27.9
198301,3,54,85.5 28.1
198301,3,60,85.2 28.4
198301,3,66,85 28.9
198301,3,72,84.5 29.7
198301,3,78,84 30.5
198301,3,84,83.3 31.5
198301,3,90,82.6 32.4
198301,3,96,82 33.3
198301,3,102,81.5 34.4
198301,3,108,81 35.4
198301,3,114,80.6 36.5
198301,3,120,80.8 37.6
198301,3,126,81 38.9
198301,3,132,82 40
198301,3,138,83 41.2
198505,3,0,106 19.8
198505,3,6,104 20.8
198505,3,12,102 21.8
198505,3,18,100 22.6
198505,3,24,98.2 23.2
198505,3,30,96.5 24
198505,3,36,95 25
198505,3,42,94.2 25.9
198505,3,48,93.4 26.6
198505,3,54,92.8 27.3
198505,3,60,92.7 27.9
198505,3,66,93.2 28.3
198505,3,72,94 28.4
198505,3,78,94.7 28.6
198505,3,84,95.6 28.8
198505,3,90,96 28.8
198505,3,96,96.2 28.8
198505,3,102,96.1 28.6
198505,3,108,95.8 28.6
198505,3,114,95.2 28.9
198505,3,120,94.1 29.4
198505,3,126,92.7 29.7
198505,3,132,91.2 30.2
198505,3,138,89.6 31
198505,3,144,88.2 31.9
198505,3,150,87.2 32.4
198505,3,156,86.3 33.2
198505,3,162,86 34.5
198505,3,168,86.1 35.9
198505,3,174,86.8 37
198505,3,180,87.5 38
198505,3,186,88.6 38.8
198706,3,0,128.7 9.8
198706,3,6,127 10.4
198706,3,12,125.3 10.9
198706,3,18,123.6 11.4
198706,3,24,122 12
198706,3,30,120.3 12.4
198706,3,36,118.7 13.1
198706,3,42,116.9 13.7
198706,3,48,115.3 14.5
198706,3,54,113.7 15.1
198706,3,60,112.3 15.9
198706,3,66,110.9 16.7
198706,3,72,109.6 17.8
198706,3,78,108.5 19
198706,3,84,107.7 20
198706,3,90,107.2 20.9
198706,3,96,107 22
198706,3,102,107 23.2
198706,3,108,107.3 24.4
198706,3,114,108 26
198706,3,120,109.5 28
198706,3,126,112 30.2
198706,3,132,115.4 32.4
198706,3,138,120 35
198706,3,144,125 38
198706,3,150,131 41.2
198706,3,156,137.5 44.8
198706,3,162,144 49
200209,3,0,119.5 10
200209,3,6,117.6 10.2
200209,3,12,115.7 10.6
200209,3,18,113.6 11.2
200209,3,24,111.5 12.3
200209,3,30,109.5 14.2
200209,3,36,108.1 15
200209,3,42,106.8 15.5
200209,3,48,105.5 15.7
200209,3,54,104.7 15.8
200209,3,60,103.9 15.8
200209,3,66,103.2 15.9
200209,3,72,102.6 16.3
200209,3,78,102.3 16.7
200209,3,84,101.9 17.1
200209,3,90,101.5 17.7
200209,3,96,101.4 18.7
200209,3,102,100.7 19.3
200209,3,108,99.6 19.7
200209,3,114,99.1 19.9
200209,3,120,98.3 20.4
200209,3,126,97.7 20.7
200209,3,132,97 21.1
200209,3,138,96.5 21.5
200209,3,144,96 21.8
200209,3,150,95.7 22.1
200209,3,156,94.9 22.3
200209,3,162,94.2 22
200209,3,168,93.9 21.9
200209,3,174,93.5 22.1
200209,3,180,92.6 22
200209,3,186,91.8 21.9
200209,3,192,91.1 21.6
200209,3,198,90.6 21
200209,3,204,90.4 20.6
200209,3,210,90.4 20.1
200209,3,216,90.6 20.3
200209,3,222,90.7 20.5
200209,3,228,90.5 21
200209,3,234,90.3 21.7
200209,3,240,90.2 22.1
200209,3,246,90.3 23
200209,3,252,90.3 24.2
200209,3,258,89.8 25.4
200209,3,264,89.6 26.3
200209,3,270,89.7 27.5
200209,3,276,89.7 29.1
200209,3,282,90.1 30
200209,3,288,90.2 32.2
200209,3,294,91 33
200209,3,300,93.5 35
200209,3,306,97.1 39.1
200209,3,312,100.5 40.9
200513,3,0,134.5 18.8
200513,3,6,133.8 19.3
200513,3,12,132.8 19.9
200513,3,18,131.7 20.5
200513,3,24,130.6 21.1
200513,3,30,129.8 21.5
200513,3,36,129 22
200513,3,42,128 23
200513,3,48,126.9 24.4
200513,3,54,126 25.5
200513,3,60,125.4 26.5
200513,3,66,124.9 27.5
200513,3,72,124.5 28.6
200513,3,78,124 29.6
200513,3,84,123.5 30.2
200513,3,90,123.2 30.9
200513,3,96,123.2 31.5
200513,3,102,123.3 32.1
200513,3,108,123.4 32.6
200513,3,114,123.5 33
200513,3,120,124 33.5
200513,3,126,124.6 33.9
200513,3,132,125.4 34.4
200513,3,138,126.7 34.8
200513,3,144,128.2 35.6
200513,3,150,129.2 36.5
200513,3,156,130.1 37.2
200513,3,162,131 37.9
200513,3,168,132 38.7
200513,3,174,132.8 39.1
200513,3,180,133.6 39.4
200513,3,186,135.1 39.8
200513,3,192,136.6 40.4
200513,3,198,137.9 41.1
200513,3,204,139.4 41.9
200513,3,210,140.8 42.9
200513,3,216,142.3 44.5
200513,3,222,143.7 46
200513,3,228,145 48
200513,3,234,146 50
200513,3,240,147.1 52
200513,3,246,148 54
200513,3,252,149 55.5
200513,3,258,151 57
200513,3,264,154 58.5
200513,3,270,157 61
200513,3,276,159 62
200513,3,282,161 62.9
200513,3,288,164 63.5
200513,3,294,170 63
200513,3,300,180 63
200802,3,0,157.1 12.7
200802,3,6,156 13.1
200802,3,12,154.8 13.2
200802,3,18,153.5 13.4
200802,3,24,152.2 14
200802,3,30,150.8 14.8
200802,3,36,149.2 15.4
200802,3,42,147.4 15.8
200802,3,48,145.6 16.3
200802,3,54,143.6 16.4
200802,3,60,141.6 16.6
200802,3,66,139.7 16.8
200802,3,72,137.7 17
200802,3,78,135.7 17.6
200802,3,84,133.8 18.4
200802,3,90,132.1 18.8
200802,3,96,130.6 19.1
200802,3,102,129.3 19.4
200802,3,108,128.4 19.9
200802,3,114,127.8 20.6
200802,3,120,127.1 21.1
200802,3,126,126.5 21.8
200802,3,132,125.6 22.4
200802,3,138,124.8 22.7
200802,3,144,123.9 23.2
200802,3,150,123 23.8
200802,3,156,122.2 24.5
200802,3,162,121.4 25.2
200802,3,168,120.9 25.7
200802,3,174,120.2 26.3
200802,3,180,119.5 26.9
200802,3,186,119 27.4
200802,3,192,118.5 27.8
200802,3,198,118.2 28.3
200802,3,204,117.9 28.8
200802,3,210,117.7 29.3
200802,3,216,117.5 29.5
200802,3,222,117.5 29.7
200802,3,228,117.5 29.9
200802,3,234,117.6 29.9
200802,3,240,117.5 29.8
200802,3,246,117.3 29.9
200802,3,252,117.1 30.1
200802,3,258,116.9 30.5
200802,3,264,116.5 31
200802,3,270,116.2 31.6
200802,3,276,115.9 32.5
200802,3,282,116.2 33.5
200802,3,288,116.5 34.3
200802,3,294,117 35.3
200802,3,300,117.5 36.2
200802,3,306,118.2 36.7
200802,3,312,118.7 36.8
200802,3,318,119.1 36.8
200802,3,324,119.3 36.3
200802,3,330,119.7 35.7
200802,3,336,120.3 34.9
200802,3,342,121.1 34.3
200802,3,348,122.2 33.9
200802,3,354,124 33.7
200802,3,360,125.6 34.4
200802,3,366,127 35.5
200802,3,372,128.5 36.9
200802,3,378,130.3 38.6
200802,3,384,132 40.4
200802,3,390,133.7 42.1
200802,3,396,135.7 43.7
200802,3,402,137.6 45.3
200802,3,408,140 47.6
200802,3,414,143 50
200802,3,420,146 53
200802,3,426,149 55.1
200802,3,432,153 58.5
